"C_MENU,C,1","C_REC,C,1","NAME_REC,C,35","ENDS,L"
"K",,"Типы подразделений УВД",ЛОЖЬ
"A",,"Тип транспорного средства",ЛОЖЬ
"B",,"Марка транспортного средства",ЛОЖЬ
"B","N","Легковой автомобиль",ИСТИНА
"B","X","Легковой фургон, пикап",ИСТИНА
"B","O","Легковой повышенной проходимости",ИСТИНА
"B","P","Грузовой",ИСТИНА
"B","Q","Автобус",ИСТИНА
"B","R","Прицеп",ИСТИНА
"B","S","Мотоцикл",ИСТИНА
"B","T","Катера и лодки",ИСТИНА
"C",,"Завод изготовитель",ЛОЖЬ
"D",,"Тип кузова",ЛОЖЬ
"E",,"Штатная группа",ЛОЖЬ
"F",,"Класс автотранспорта",ЛОЖЬ
"G",,"Цвет транспорта",ЛОЖЬ
"G","(","белый",
"G",")","желтый",
"H",,"Вид службы",ЛОЖЬ
"I",,"Организ., выдавшая наряд",ЛОЖЬ
"J",,"Склад,с которого получен транспорт",ЛОЖЬ
"M",,"Назначение автомобиля",ЛОЖЬ
"A","(","Легковой автомобиль",
"A","6","Оперативно-служ. на грузовом шасси",ЛОЖЬ
"A",">","Специальный",ЛОЖЬ
"G","*","красный",
"G","+","зеленый",
"H","(","УЭБиПК",
"G",",","синий",
"G","-","черный",
"C","(","Волжский автозавод, СССР",
"C","/","АЗЛК, СССР",
"G",".","стальной",
"G","/","серый",
"D","(","седан",
"D",")","кабриолет",
"D","*","пикап",
"G","0","""мокрый асфальт""",
"H",")","Уголовный розыск",
"C",")","ГАЗ, СССР",
"E",")","Стандартный",
"E","(","АДЧ",
"E","+","АП-ГАИ",
"E",",","АЭ",
"E","-","Автомобиль БД",
"E",".","АМВ",
"E","/","ПРЭП",
"C","*","Ульяновский, СССР",
"C","+","ЗИЛ, СССР",
"C",",","Ижевский, СССР",
"C","-","Рижский, Латвийская республика",
"C",".","Курганский, СССР",
"C","0","Павловский, СССР",
"D","+","хечбек",
"A",",","Автобус",
"A","2","Погрузчик",ЛОЖЬ
"A",".","Мотоцикл",
"A","/","Плавсредства",
"A","0","Мотолодка",
"N","+","москвич М-412",
"N","(","москвич М-2140",
"N",")","москвич М-2137",
"N","*","москвич М-2141",
"9",",","москвич М-2715",
"N",".","ВАЗ-21011",
"N","/","ВАЗ-21013",
"N","0","ВАЗ-21015",
"N","1","ВАЗ-21018",
"N","3","ВАЗ-2103",
"N","4","ВАЗ-2104",
"N","5","ВАЗ-2105",
"N","6","ВАЗ-2106",
"N","7","ВАЗ-21061",
"N","8","ВАЗ-21063",
"N","9","ВАЗ-2107",
"N",":","ВАЗ-2108",
"N",";","Фиат-132",
"N","<","ВАЗ-21081",
"N","=","ВАЗ-2109",
"N",">","ВАЗ-21083",
"N","?","ВАЗ-21051",
"N","@","ВАЗ-21053",
"N","A","ВАЗ-2110",
"N","B","М-21",
"N","C","М-21418",
"N","D","ДЭУ-Нексиа",
"N","E","ВАЗ-2111",
"N","F","ВАЗ-2121 Нива",
"N","G","ГАЗ-2410",
"N","H","ГАЗ-2402",
"N","I","ГАЗ-2403",
"N","J","ГАЗ-3102",
"N","K","ГАЗ-24",
"N","L","ГАЗ-2417",
"N","M","ГАЗ-2424,2426",
"O","N","УАЗ-469",
"O","O","УАЗ-469Б",
"O","P","УАЗ-3151",
"O","Q","УАЗ-31512",
"O","R","ГАЗ-69",
"O","S","УАЗ-452",
"O","T","УАЗ-3741",
"O","U","УАЗ-2203",
"O","V","ВАЗ-21213 Нива",
"Q","W","РАФ-2203",
"Q","X","РАФ-22031",
"Q","Y","РАФ-2912",
"Q","Z","ЕРАЗ-762В",
"Q","[","УАЗ-2203",
"P","\","ГАЗ-52",
"P","]","ГАЗ-5203",
"P","^","ГАЗ-5204",
"P","_","УАЗ-452",
"P","`","ГАЗ-53",
"P","a","ГАЗ-53А",
"P","b","ГАЗ-5312",
"P","c","ГАЗ-3307",
"P","d","ЗИЛ-4314-12 ЛуМЗ-890Б",
"P","e","МАЗ-5334",
"P","f","ЗИЛ-130",
"P","g","ЗИЛ-130ТВ",
"P","h","ЗИЛ-13076",
"P","i","ГАЗ-САЗ-3507",
"P","j","ГАЗ-6611",
"P","k","ГАЗ-5319",
"P","l","ЗИЛ-130В1",
"P","o","ГАЗ-6615",
"P","p","ЗИЛ-131",
"P","q","КАМАЗ-55111",
"P","r","ЗИЛ-157К",
"P","t","ЗИЛ-ММЗ-555",
"P","u","ЗИЛ-ММЗ-4502",
"P","v","ГАЗ-66",
"P","w","КАМАЗ-5320",
"P","x","КАМАЗ-5410",
"P","y","КАМАЗ-5511",
"P","z","КАМАЗ-53212",
"P","{","КАМАЗ-5212",
"P","|","КАМАЗ-54112",
"P","}","ИЖ-27156-011",
"Q","~","ПАЗ-672М",
"Q","","ПАЗ-671",
"Q","А","УАЗ-39621-01",
"Q","Б","КАВЗ-685",
"Q","В","УАЗ-2206",
"Q","Г","КАВЗ-3270",
"Q","Д","ЛАЗ-695Н",
"Q","Е","ЛАЗ-697Р",
"Q","Ж","ЛАЗ-699Р",
"Q","З","ЛАЗ-4202",
"Q","И","Понтиак-Транспорт",
"Q","Й","ПАЗ-3205",
"S","К","МТ-9 с коляской",
"S","Л","МТ-10 с коляской",
"S","М","М-66 с коляской",
"S","Н","М-67-36 с коляской",
"S","О","М-69 с коляской",
"S","П","МТ-11 с коляской",
"S","Р","МТ-12 с коляской",
"S","С","МТ-16 с коляской",
"S","Т","ИМЗ-8.903 с коляской",
"S","У","М-67-36 б/коляски",
"S","Ф","М-68 с коляской",
"S","Х","ИМЗ-8.923 б/коляски",
"T","Ц","ПР-343 Волга",
"T","Ч","ПР-1370А",
"T","Ш","ГЕПАРД",
"T","Щ","АМУР",
"T","Ы","ПР-376",
"T","Ь","ПР-371бис",
"T","Э","ПР-1390",
"T","Ю","ПРОГРЕСС-2М",
"T","Я","ЮЖАНКА",
"T","а","ПР-ЛМ-4-87МК",
"T","б","КС-100Д1",
"T","в","КС-102-022",
"R","г","4045Р",
"R","д","4055Р",
"R","е","Тарпан-500",
"R","ж","РФ\473В",
"R","з","ОдАЗ-885",
"R","и","ОдАЗ-9357",
"C","1","Киевский,УССР",
"C","2","Ирбитский,СССР",
"E","0","АЗ",
"F","(","особо малый класс",
"F",")","малый класс",
"F","*","средний класс",
"F","+","большой класс",
"H","*","Дежурная часть",
"H","+","Следственный отдел",
"H","-","УРЛС",
"H",".","ФЭО",
"H","/","ИЦ",
"H","<","ИВС",ЛОЖЬ
"H","1","ППС",
"H","Z","УОДУУПиПДН",ЛОЖЬ
"I","*","ХОЗУ МВД СССР",
"(",,"Штатная положенность",ИСТИНА
"(","*","Кадры",ЛОЖЬ
",",,"Единица измерения",ЛОЖЬ
",","+","кг.",ЛОЖЬ
",",")","литр",ЛОЖЬ
",","*","метр",ЛОЖЬ
"-",,"Назначение материалов со склада",ЛОЖЬ
"-","(","Автомобили",ЛОЖЬ
"-",")","Мотоциклы",ЛОЖЬ
"-","*","Катера",ЛОЖЬ
"-","+","Заказы",ЛОЖЬ
"-",",","Реализация",ЛОЖЬ
",","(","шт.",ЛОЖЬ
".",,"Список организаций",ЛОЖЬ
"D",",","открытый",ЛОЖЬ
"D","-","закрытый",ЛОЖЬ
"D","1","бортовой",ЛОЖЬ
"E","1","ПЯФЛ",ЛОЖЬ
"E","2","АПРС",ЛОЖЬ
"E","3","АОТА",ЛОЖЬ
"E","4","АТН",ЛОЖЬ
"E","5","АТНС",ЛОЖЬ
"E","6","ПКЛ",ЛОЖЬ
"E","7","СМ 8/2 шифровальная",ЛОЖЬ
"E","8","РРС радиостанция",ЛОЖЬ
"I","+","ГУМТ и ВС МВД СССР",ЛОЖЬ
"I",",","СК ОУМТ и ВС МВД СССР",ЛОЖЬ
"I","-","Руководство УВД Ростоблисполкома",ЛОЖЬ
"J","-","Учер. УЗ-62/14 Горьковского УИТУ",ЛОЖЬ
"J",".","Военсклад 59 МВД СССР",ЛОЖЬ
"J","/","СКВБ МВД РФ",ЛОЖЬ
"J","0","ЦОВБ МВД СССР",ЛОЖЬ
"J","3","Центральной автобазы МВД СССР",ЛОЖЬ
"J","1","7-е Управление МВД СССР",ЛОЖЬ
"J","2","Завода изготовителя",ЛОЖЬ
"J","4","УО УВД Ростоблисполкома",ЛОЖЬ
"J","5","Учер. 398/17 УВД Ростоблисполкома.",ЛОЖЬ
"J","6","Областной совет ""Динамо"".",ЛОЖЬ
"J",":","Кооператив ""Строитель""",ЛОЖЬ
"J","8","ТОО ЛОГОВАЗ-ДОН",ЛОЖЬ
"J","9","Предприятия п.я. А-3565.",ЛОЖЬ
"I","0","7-е Управление МВД СССР",ЛОЖЬ
"I","(","Ростовский облисполком",ЛОЖЬ
"J",")","УГПС ГУВД РО",ЛОЖЬ
"J","*","НИИСТ МВД России",ЛОЖЬ
"J","й","Колхоз ""Заветы Ильича"".",ИСТИНА
"J","к","Спец.склад резерва МВД СССР",ИСТИНА
"F",",","малогабаритный",ЛОЖЬ
"G","1","хаки",
"G","2","бежевый",
"H","4","Поликлиника",
"H","5","Инспекция по личн.составу",
"H","6","Больница",
"H","7","Руководство",
"E","9","Автобус",
"D","0","цельнометалический",
"G","3","светло бежевый",
"P","(","УАЗ-3741",
"G","4","песочный",
"G","6","сафари",ЛОЖЬ
"D","/","автокран",
"B","5","Погрузчик",ИСТИНА
"D","2","самосвал",
"E",":","Бортовой",
"J","7","Кооператив Эврика",
"C","3","Ереванский,АССР",
"H","8","ГАИ УВД /ОВД/",
"P","*","ЗИЛ-ММЗ-554",
"P","+","ЗИЛ-4314-10",
"J",";","Ростовский горисполком",
"5","7","4081",ЛОЖЬ
"5","(","УНЦ-060",
";","(",,ЛОЖЬ
"G","`","голубой",ИСТИНА
"J","<","ПО ""Красный котельщик""",
"O","(","Ниссан",
"N",",","Опель-Сенатор",
"Q","(","Ныса-521с",
"C","4","Опель, ФРГ",
"(",")","ГСМ",ИСТИНА
")","0","Топливо",ИСТИНА
")","1","Масло",ИСТИНА
"0","(","А-72",ЛОЖЬ
"0",")","А-76",ЛОЖЬ
"0","*","Аи-93",ЛОЖЬ
"0","+","Аи-98 ""экстра""",ЛОЖЬ
"0",",","Соляровое масло",ЛОЖЬ
"1","(","М-10г",ЛОЖЬ
"1",")","Ас-8",ЛОЖЬ
"C","5","Кировский,Ленинград,СССР",ЛОЖЬ
"H","0","ЦИТСиЗИ",ЛОЖЬ
"E","*","АП-ППС",
"*",,"Источники финансирования",ЛОЖЬ
"*","(","Федеральный бюджет",ЛОЖЬ
"*",")","Областной бюджет",ЛОЖЬ
"*","*","За счет средств исполкома",ЛОЖЬ
"(","+","Транспорт",ИСТИНА
"+","2","Легковые",ИСТИНА
"+","6","Оперативно служебные",ИСТИНА
"+","4","Грузовые",ИСТИНА
"+","+","Санитарные",ЛОЖЬ
"+","a","Автобусы",ИСТИНА
"+","-","Мотоциклы",ЛОЖЬ
"+",".","Автопогрузчики",ЛОЖЬ
"+","/","Трактора",ЛОЖЬ
"+","0","Катера",ЛОЖЬ
"+","1","Лодки",ЛОЖЬ
"2","i","АДЧ",ИСТИНА
"2",")","АП-ППС",ЛОЖЬ
"2","*","АП-ГАИ",ЛОЖЬ
"2","+","Стандартные",ЛОЖЬ
"2",",","АЭ",ЛОЖЬ
"2","-","БД",ЛОЖЬ
"2",".","ГПН в спецокраске",ЛОЖЬ
"2","3","прочие",ИСТИНА
"3","(","Санэпидемстанция",ЛОЖЬ
"3",")","Медпомощь на дому",ЛОЖЬ
"3","*","ИЦ",ЛОЖЬ
"3","+","ФПО",ЛОЖЬ
"3",",","другие",ЛОЖЬ
"3","-","автохозяйство",ЛОЖЬ
"4","+","Малотоннажные",ЛОЖЬ
"4",",","прочие",ЛОЖЬ
"6","(","АДЧ",ЛОЖЬ
"6",")","АЗ",ЛОЖЬ
"6","*","АМВ",ЛОЖЬ
"6","+","АШ",ЛОЖЬ
"6",",","СМ 8/2",ЛОЖЬ
"-","-","Под отчет",ЛОЖЬ
"E",";","Топливовоз",ЛОЖЬ
"E","<","Изотермическая",ЛОЖЬ
"E","=","Экологический",ЛОЖЬ
"E",">","Автопогрузчик",ЛОЖЬ
"C","6","Фиат,Италия",ЛОЖЬ
"C","7","Н-Камский  автозавод",ЛОЖЬ
"C","8","ЧССР",ЛОЖЬ
"J","=","Магазин N-8 Облспорткультторга",ЛОЖЬ
"J",">","Новочеркасский хим.завод",ЛОЖЬ
"D","3","фургон",ЛОЖЬ
"H",":","ЭКЦ",ЛОЖЬ
"H","=","Пресслужба",ЛОЖЬ
"I","<","МВД СССР",ЛОЖЬ
"J","?","Ставропольское УВД",ЛОЖЬ
"B","?","Топливовоз",ИСТИНА
"?","(","модель 36133 АЦ-4,9",ЛОЖЬ
"D","4","цистерна",ЛОЖЬ
"J","@","Завод ""Нефтемаш"" г.Новочеркасск",ЛОЖЬ
">",,"Способ приобретения",ЛОЖЬ
">","(","покупка",
">",")","безвозмездная передача",ЛОЖЬ
",",",","к-т.",ЛОЖЬ
"F","@","грузоподъемность",ИСТИНА
"F",".","49мест",ЛОЖЬ
"@","(","грузоподъемность 2т",ЛОЖЬ
"@",")","грузоподъемность 3т",ЛОЖЬ
"@","*","грузоподъемность 5т",ЛОЖЬ
"B","7","Трактор",ИСТИНА
"7","(","К-700",ЛОЖЬ
"H","A","Оперативный отдел",ЛОЖЬ
"H","B","УУП",ЛОЖЬ
"H","F","ИДН",ЛОЖЬ
"8",,"Оплата",ЛОЖЬ
"8","(","Работа на транспортное средство",ЛОЖЬ
"8",")","Покупка",ЛОЖЬ
"8","*","Реализация",ЛОЖЬ
"8","+","Накладные расходы",ЛОЖЬ
"8",",","Культурно-массовые мероприятия",ЛОЖЬ
"8","-","Заказы",ЛОЖЬ
"8",".","Ремонт оборудования",ЛОЖЬ
"8","/","Хозяйственные расходы",ЛОЖЬ
"8","0","Цеховые расходы",ЛОЖЬ
"8","1","Содержание помещений",ЛОЖЬ
"8","2","Охрана труда",ЛОЖЬ
"8","3","Стоимость работ",ЛОЖЬ
"E","?","АДТП",ЛОЖЬ
"-",".","Ремонт оборудования",ЛОЖЬ
"-","/","прочие",ЛОЖЬ
"E","A","Санитарная",ЛОЖЬ
"E","B","Медицинская служба",ЛОЖЬ
"A","-","Медицинский",ЛОЖЬ
"C","9","Черкесский",ЛОЖЬ
"D","5","рефрижератор",ЛОЖЬ
"Q",")","РАФ-977ИМ",ЛОЖЬ
"D","6","вакуумный",ЛОЖЬ
"U",")","ИЖ-2715",ЛОЖЬ
"N","N","М-408",ЛОЖЬ
"H","G","ЦВИНП",ЛОЖЬ
"P",",","ГАЗ-51",ЛОЖЬ
"S","(","М-63 с коляской",ЛОЖЬ
"S",")","К-750",ЛОЖЬ
"N","O","ВАЗ-21074",ЛОЖЬ
"N","P","Ниссан-Патрол R",ЛОЖЬ
"N","Q","ВАЗ-21041",ЛОЖЬ
"N","R","ВАЗ-21043",ЛОЖЬ
"<","+","Военсклад  N68",
"<",",","Ростовтехоптторг",
"<","-","ХОЗО УВД РО",
"<",".","СРП - 1",
"D",".","вагонного типа",
"U","(","ИЖ-2125",
"<","0","Ростовская нефтебаза",
"<","1","Батайская нефтебаза",
"<","2","Злодейская нефтебаза",
"<","3","ЦОВБ  ГУМТ и ВС",
"<",")","Военсклад  N51",
"<","*","Военсклад  N59",
"V","3","АТХ УВД - Н.Новгород",
"<","(","Системы УВД",
"<","4","П/О ""БЕЛОЦЕРКОВШИНА""",
",","-","кус.",
",",".","м/п",
",","/","кв.м",
",","0","куб.м",
"<","5","Кооператив ""Шиноремонтник""",
".","<","Основные орг.",ИСТИНА
".","V","Прочие орг.",ИСТИНА
"V","4","УО УВД Ростоблисполкома",
"<","/","СРП - 2",
",","1","тн",
",","2","пар",
"N","S","М-21412",ЛОЖЬ
"N","T","ГАЗ-2411",ЛОЖЬ
"E","C","ПРМ-1",ЛОЖЬ
"E","D","АРМ",ЛОЖЬ
"P","-","УАЗ-3303",ЛОЖЬ
"D","7","платформа",ЛОЖЬ
"H","J","ЦАХиТО",ЛОЖЬ
"H","K","ЦКС",ЛОЖЬ
"N","U","ИЖ-412",ЛОЖЬ
"5",")","4045Р",ЛОЖЬ
"H","N","Межрегиональн.отд.""КАВКАЗ""",ЛОЖЬ
"C",":","Польша",ЛОЖЬ
"H","O","Инспекция технадзора",ЛОЖЬ
"D","8","седельный тягач",ЛОЖЬ
"J","A","Таганрогский комбайновый з-д",ЛОЖЬ
"J","B","СП ""Ладаэкспорт"" г.Чехов",ЛОЖЬ
"E","E","АШ",ЛОЖЬ
"I",")","ХОЗО МВД РСФСР",ЛОЖЬ
"E","F","Мотоцикл",ЛОЖЬ
"E","G","Катер",ЛОЖЬ
"E","H","Мотолодка",ЛОЖЬ
"D","9","шасси",ЛОЖЬ
"D",";","""вахта""",ЛОЖЬ
"J","C","ПМК-15 ""Ростовводмелиорация""",ЛОЖЬ
"J","D","СК УВДТ",ЛОЖЬ
"J","E","УЧ 398/12",ЛОЖЬ
"E","I","Передвиж.лабор.по контр.кач.воды",ЛОЖЬ
"J","F","Аксайский райисполком",ЛОЖЬ
"/",,"Модели покрышек",
"=",,"Заводы-изготовители покрышек",
"/","(","МИ-16",
"=","(","Нижнекамский ШЗ",
"W",,"Размеры покрышек",
"W","(","165/80/r13",
"X","("," МАЗ-5334",ЛОЖЬ
"E","J","Кинотеатр",ЛОЖЬ
"E","K","Технологический передатчик",ЛОЖЬ
"H","T","База отдыха",ЛОЖЬ
"H","V","МЭО ГАИ",ЛОЖЬ
"H","X","АТО",ЛОЖЬ
"J","G","П/О  ""Ростовуголь""",ЛОЖЬ
"C",";","Ниссан,Япония",ЛОЖЬ
"J","H","МП ""ПОСРЕДНИК""",ЛОЖЬ
"J","I","Автохозяйство МВД РСФСР",ЛОЖЬ
"J","J","""Ростовавтотранс""",ЛОЖЬ
"=",")","Бобруйский ШЗ",ЛОЖЬ
"=","*","Белоцерковский ШЗ",ЛОЖЬ
"=","+","Барнаульский ШЗ",ЛОЖЬ
"=",",","Днепропетровский ШЗ",ЛОЖЬ
"=","-","Красноярский ШЗ",ЛОЖЬ
"=",".","Московский ШЗ",ЛОЖЬ
"=","/","Ярославский ШЗ",ЛОЖЬ
"=","0","Чимкентский ШЗ",ЛОЖЬ
"=","1","Опытный ШЗ",ЛОЖЬ
"/",")","М-151",ЛОЖЬ
"/","*","М-145",ЛОЖЬ
"/","+","БЛ-85",ЛОЖЬ
"/",",","ИД-195",ЛОЖЬ
"/","-","БЦ-220",ЛОЖЬ
"/",".","БЦ-280",ЛОЖЬ
"/","/","ИН-251",ЛОЖЬ
"/","0","БА-85",ЛОЖЬ
"/","1","Я-245",ЛОЖЬ
"/","2","МИ-173",ЛОЖЬ
"/","3","ИЯ-196",ЛОЖЬ
"W",")","6,15х13",ЛОЖЬ
"W","*","6,45х13",ЛОЖЬ
"W","+","165/70х13",ЛОЖЬ
"W",",","7,35х14",ЛОЖЬ
"W","-","205/70х14",ЛОЖЬ
"W",".","205/70х13",ЛОЖЬ
"W","/","175/70х13",ЛОЖЬ
"W","0","8,40х15",ЛОЖЬ
"W","1","220х508",ЛОЖЬ
"W","2","240х508",ЛОЖЬ
"W","3","260х508",ЛОЖЬ
"W","4","1200х18",ЛОЖЬ
"J","K","В/ч 7405",ЛОЖЬ
"J","L","В/ч 3654",ЛОЖЬ
"J","M","В/ч 3658",ЛОЖЬ
"N","V","ГАЗ-31029",ЛОЖЬ
"J","N","Технико-коммерч.центр г.Шахты",ЛОЖЬ
"J","O","Кооп.""АРЗУ""г.Шахты",ЛОЖЬ
"A",")","Бронетехника",ЛОЖЬ
"B","Y","Бронетранспортер",ИСТИНА
"Y","(","БТР-70",ЛОЖЬ
"E","M","Бронетранспортер",ЛОЖЬ
"D","<","контейнеровоз",ЛОЖЬ
"J","P","Обмен с частным лицом",ЛОЖЬ
"J","Q","Ростовский НИИ радиосвязи",ЛОЖЬ
"J","R","Таганрогский комбайновый завод",ЛОЖЬ
"S","*","М-66 б/коляски",ЛОЖЬ
"E","N","Вакуумный",ЛОЖЬ
"J","S","П/О ""Гидроимпульс""г.Псков",ЛОЖЬ
"B","Z","Автофургон для перевозки людей",ИСТИНА
"Z","(","МВГ-2 на базе ГАЗ-6611",ЛОЖЬ
"J","T","УЧ 398/19",ЛОЖЬ
"E","P","ИДН",ЛОЖЬ
"C","<","США",ЛОЖЬ
"J","U","Акционерная фирма ""Фаворит""",ЛОЖЬ
"E","O","Участковые сельской местности",ЛОЖЬ
"E","R","ИИРиТ",ЛОЖЬ
"E","S","ДПС ГАИ",ЛОЖЬ
"J","V","ТОО ""МАЯК""",ЛОЖЬ
"D","=","передвижная АЗС",ЛОЖЬ
"J","W","Грабовский автозавод",ЛОЖЬ
"A","4","Трактор",ЛОЖЬ
"7",")","Т-40 АМ",ЛОЖЬ
"C","=","Липецкий",ЛОЖЬ
"J","X","ТОО ""Мелиховское""",ЛОЖЬ
"N","W","ГАЗ-31023",ЛОЖЬ
"J","Y","Пролетарский МКП г.Ростова",ЛОЖЬ
"C",">","Костромской судомеханический",ЛОЖЬ
"J","Z","Администрация района",ЛОЖЬ
"I",".","Администрация района",ЛОЖЬ
"J","[","Гос.предприятие ""Квант-техника""",ЛОЖЬ
"J","\","Западно-Сибирское ОУМТиВС МВД РФ",ЛОЖЬ
"D",">","комби",ЛОЖЬ
"J","]","ПКФ ""УРАЛ-1""",ЛОЖЬ
"N","X","ВАЗ-21093",ЛОЖЬ
"Y",")","БТР-80",ЛОЖЬ
"C","?","Арзамаский машиностроительный з-д",ЛОЖЬ
"J","^","Таганрогская СТО",ЛОЖЬ
"J","_","УВД г.Новочеркасска",ЛОЖЬ
"J","`","УЧ 398/10",ЛОЖЬ
"N","Y","ИЖ-2125",ЛОЖЬ
"H","[","Служба тыла",ЛОЖЬ
"H","\","Станция диагностики",ЛОЖЬ
"H","]","Служба БД",ЛОЖЬ
"E","T","Трактор",ЛОЖЬ
"J","a","Морозовский райбыткомбинат",ЛОЖЬ
"J","b","АО ""Сальск-Лада""",ЛОЖЬ
"J","c","АО ""Ростов-Лада""",ЛОЖЬ
"J","d","Астраханское опытно-эксп.предпр.",ЛОЖЬ
"J","e","АО ""Ростовхлебопродукт""",ЛОЖЬ
"E","U","Самосвал",ЛОЖЬ
"E","V","Автокран",ЛОЖЬ
"E","W","Седельный тягач",ЛОЖЬ
"E","X","Контейнеровоз",ЛОЖЬ
"E","Y","Фургон",ЛОЖЬ
"J","f","УПО УВД РО",ЛОЖЬ
"G","7","вишневый",ЛОЖЬ
"J","g","Славгородский з-д радиоаппаратуры",ЛОЖЬ
"B","L","Транспортная машина",ИСТИНА
"B","]","Топливозаправщик",ИСТИНА
"C","@","Уральский автозавод,СССР",ЛОЖЬ
"C","A","ИФА-Робур,ГДР",ЛОЖЬ
"E","Z","Топливозаправщик",ЛОЖЬ
"A","*","Цистерна",ЛОЖЬ
"J","h","ЦОВБ МВД РФ",ЛОЖЬ
"Q","*","КАВЗ-3976",ЛОЖЬ
"J","i","СТО ""Москвич""",ЛОЖЬ
"P","1","АК-75  ЗИЛ130",ЛОЖЬ
"P","2","Урал-4320",ЛОЖЬ
"J","j","Т.О.""Ростов-система""",ЛОЖЬ
"J","k","Приобретение у частного лица",ЛОЖЬ
"J","m","Т.О.О.""АГРОПРОМСЕРВИС""",ЛОЖЬ
"J","o","Т.О.О.""АВТО""",ЛОЖЬ
"H","b","Дознание",ЛОЖЬ
"H","d","ГИБДД",ЛОЖЬ
"J","p","Магазин СКВО ""Автомобили""",ЛОЖЬ
"J","q","Шахтинская СТОА ГАЗ",ЛОЖЬ
"J","r","ОПБ МВД РФ",ЛОЖЬ
"N","Z","ВАЗ-21059",ЛОЖЬ
"J","s","ТОО ПКФ ""ВИАЛ""",ЛОЖЬ
"J","t","УПП ВОС г. Таганрога",ЛОЖЬ
"S","+","ИМЗ 8.103-10 с коляской",ЛОЖЬ
"E","[","РиРТК",ЛОЖЬ
"G","8","св. серый",ЛОЖЬ
"J","u","А.О.О.Т.""Комбинат Зерноградский""",ЛОЖЬ
"L","(","ТМ-01 ""Дон""",ЛОЖЬ
"E","\","Транспортная машина",ЛОЖЬ
"J","v","в/ч 54183",ЛОЖЬ
"B","[","БРДМ",ИСТИНА
"[","(","ГАЗ 41-08",ЛОЖЬ
"E","]","БРДМ",ЛОЖЬ
"J","w","Сальский ОВД",ЛОЖЬ
"Q","+","Баказ-3219",ЛОЖЬ
"Q",",","УАЗ-3962",ЛОЖЬ
"G","9","бело-салатовый",ЛОЖЬ
"G",":","белая ночь",ЛОЖЬ
"G",";","серо-белый",ЛОЖЬ
"J","y","Зимовниковский ОВД",ЛОЖЬ
"J","z","АОЗТ ""Патруль-Авто"" г.Чехов",ЛОЖЬ
"J","{","Спецприемник УВД РГИ",ЛОЖЬ
"J","|","Егорлыкский ОВД",ЛОЖЬ
"N","[","Рено-19",ЛОЖЬ
"C","B","Рено, Франция",ЛОЖЬ
"O",")","УАЗ-3909",ЛОЖЬ
"H","h","ВМРиГО",ЛОЖЬ
"H","k","взвод по охране объектов",ЛОЖЬ
"J","}","Целинский ОВД",ЛОЖЬ
"J","~","Колхоз ""Заветы Ленина"" Неклинов.р-н",ЛОЖЬ
"G","<","динго",ЛОЖЬ
"N","\","ГАЗ-310200",ЛОЖЬ
"H","p","ОКСиСП СМОБ",ЛОЖЬ
"J","","А.О. "" Белгород-Лада""",ЛОЖЬ
"J","А","А.О. ""Волгаэнергоснабкомплект""",ЛОЖЬ
"J","Б","фонд ""Защита""",ЛОЖЬ
"@","+","грузоподъемность 4,5т",ЛОЖЬ
"H","o","Склад НЗ",ЛОЖЬ
"@",",","грузоподъемность 3,75т",ЛОЖЬ
"@","-","грузоподъемность 6т",ЛОЖЬ
"J","В","Приволжская в/база МВД РФ, Самара",ЛОЖЬ
"J","Г","Ком-т по управлению имущестТаганрог",ЛОЖЬ
"Q","-","РАФ-22038-02",ЛОЖЬ
"J","Д","ТОО ""Саролла""  Н-Новгород.",ЛОЖЬ
"C","C","электромеханический завод""Авангард""",ЛОЖЬ
"C","D","Тирасполь",ЛОЖЬ
"E","^","Прицеп",ЛОЖЬ
"J","Е","М.П.""Автолюбитель""г. Н.-Новгород",ЛОЖЬ
"B","\","Полуприцеп",ИСТИНА
"\","(","п/прицеп-рефрежиратор модель 97725",ЛОЖЬ
"E","_","Полуприцеп",ЛОЖЬ
"J","Ж","Т.О.О. ""Лидер""",ЛОЖЬ
"N","]","Понтиак",ЛОЖЬ
"H","q","СКМ",ЛОЖЬ
"H","r","ЛРРС",ЛОЖЬ
"J","З","Технико-комерчес. центр ""ГАЗ""Ростов",ЛОЖЬ
"J","И","И.Ч.П. ""Алмор"" г.Ростов/Д",ЛОЖЬ
"G","=","серо-голубой",ЛОЖЬ
"C","E","Астраханское опытно-эксп.предприяти",ЛОЖЬ
"J","Й","Торговый отдел при УВД РО",ЛОЖЬ
"J","К","""Универсал ИМПОРТ-ЭКСПОРТ"" Германия",ЛОЖЬ
"N","^","БМВ-734",ЛОЖЬ
"N","`","БМВ-728",ЛОЖЬ
"N","a","БМВ-520",ЛОЖЬ
"J","Л","НПП ""Орбита""",ЛОЖЬ
"N","b","ВАЗ-21099",ЛОЖЬ
"C","F","БМВ, Германия",ЛОЖЬ
"C","G","Воскресенский з-д ""Машиностроитель""",ЛОЖЬ
"]","(","АТЗ-6-433362",ЛОЖЬ
"]",")","Урал-375",ЛОЖЬ
"J","М","Воскресенский з-д ""Машиностроитель""",ЛОЖЬ
"P",".","ГАЗ-33021",ЛОЖЬ
"G",">","светло-дымчатый",ЛОЖЬ
"G","?","темно-серый",ЛОЖЬ
"G","@","темно-синий",ЛОЖЬ
"G","A","светло-зеленый",ЛОЖЬ
"G","B","светло-салатный",ЛОЖЬ
"N","c","БМВ-525",ЛОЖЬ
"N","d","БМВ-528",ЛОЖЬ
"G","C","бледно-зеленый",ЛОЖЬ
"J","Н","ИЧП "" Сириус "" г. Батайск",ЛОЖЬ
"G","D","рубин",ЛОЖЬ
"G","E","темно-вишневый",ЛОЖЬ
"N","e","ВАЗ-21065",ЛОЖЬ
"J","О","м-н ""Автозаводец"" Н.Новгород",ЛОЖЬ
"N","f","ВАЗ-21072",ЛОЖЬ
"B","^","Тягач",ИСТИНА
"^","_","""Лавина""-69501ПТ",ЛОЖЬ
"C","H","Димитровский ОЭЗ, Украина",ЛОЖЬ
"E","`","Тягач",ЛОЖЬ
"G","F","желто-белый",ЛОЖЬ
"J","П","Белокалитвенский ОВД",ЛОЖЬ
"J","Р","Произв.-коммерч.фирма""Транзит-Дон""",ЛОЖЬ
"J","С","НПО ""ИЛАН""",ЛОЖЬ
"J","Т","ТОО ""Центр услуг""",ЛОЖЬ
"Y","*","БТР-40",ЛОЖЬ
"J","У","Верхне-Волжская ВБ МВД РФ",ЛОЖЬ
"J","Ф","АООТ ПЗ-10",ЛОЖЬ
"O","*","УАЗ-31514",ЛОЖЬ
"P","/","КАМАЗ-43101",ЛОЖЬ
"J","Х","1-й Донской ОБДПС",ЛОЖЬ
"N","g","БМВ-518",ЛОЖЬ
"Q",".","Мерседес-Бенц",ЛОЖЬ
"C","I","Мерседес-Бенц",ЛОЖЬ
"J","Ч","КБ ""ДОНИНВЕСТ""",ЛОЖЬ
"N","i","ВАЗ-21054",ЛОЖЬ
"H","u","ЦАФАП",ЛОЖЬ
"5","*","ДВ1792.33.20",ЛОЖЬ
"C","J","БАЛКАН-КАР",ЛОЖЬ
"C","K","З-д ДЕТВА ЧССР",ЛОЖЬ
"J","Ш","АО ""Роскабель""",ЛОЖЬ
"N","j","РЕНО-25",ЛОЖЬ
"N","k","АЛЬФА-РОМЕО-155",ЛОЖЬ
"N","l","ФИАТ-ТИПО",ЛОЖЬ
"J","Щ","АО ""Содружество""",ЛОЖЬ
"Q","/","Тойота ""Хиачи""",ЛОЖЬ
"P","3","ГАЗ-33073",ЛОЖЬ
"J","Ъ","""ЮГ-НЕФТЬКОНТРАКТ""",ЛОЖЬ
"J","Ы","Ремонтненский ОВД",ЛОЖЬ
"J","Ь","ИЧП ""Фортуна""",ЛОЖЬ
"P","4","ГАЗ-3309",ЛОЖЬ
"J","Э","Автоколонна 1558",ЛОЖЬ
"N","m","ДЭУ Эсперо",ЛОЖЬ
"C","L","АО ""Красный Аксай""",ЛОЖЬ
"J","Ю","Десятый подшипниковый завод",ЛОЖЬ
"J","Я","Диагн.оздоров.центр г.Новошахтинск",ЛОЖЬ
"H","v","УГОН",ЛОЖЬ
"J","а","в\ч 45081",ЛОЖЬ
"N","n","ЗАЗ-1102""Таврия""",ЛОЖЬ
"C","M","Днепропетровский з-д",ЛОЖЬ
"J","б","Чеченская респ.",ЛОЖЬ
"Q","0","Псковавто-221400",ЛОЖЬ
"J","в","АО  ""Псковавто""",ЛОЖЬ
"C","N","Псковавто",ЛОЖЬ
"J","г","АО ""АКСАЙ""",ЛОЖЬ
"J","д","ОВО Октябрьского ОВД",ЛОЖЬ
"P","5","ГАЗ-3302",ЛОЖЬ
"J","е","СИДиСРС",ЛОЖЬ
"H","x","Отд.по орган.работы конвойн.сл.",ЛОЖЬ
"H","y","УДИР",ЛОЖЬ
"H","z","Пирс",ЛОЖЬ
"J","ж","Прочие склады",ИСТИНА
"Q","1","УАЗ-3303",ЛОЖЬ
"H","{","Бюро несчастных случаев",ЛОЖЬ
"C","O","ТОО ТАГАНРОГ УАЗ Сервис",ЛОЖЬ
"J","з","ТОО ТаганрогУАЗ Сервис",ЛОЖЬ
"J","и","УВД г.Ростова-на-Дону",ЛОЖЬ
"Q","2","УАЗ-3909",ЛОЖЬ
"H","|","УСБ",ЛОЖЬ
"D","?","грузопассажирский",ЛОЖЬ
"E","a","Спец.водомет",ЛОЖЬ
"Q","3","ГАЗ-270500",ЛОЖЬ
"E","b","ЗУС-400",ЛОЖЬ
"C","P","АОЗТ ""Югавторемонт""",ЛОЖЬ
"R","(","Дача-375",ЛОЖЬ
"C","Q","АО ""Роствертол""",ЛОЖЬ
"N","o","ГАЗ-311000",ЛОЖЬ
"N","p","БМВ-3251",ЛОЖЬ
"N","q","АУДИ-100",ЛОЖЬ
"N","r","Хендэ-Элантра",ЛОЖЬ
"T","(","АМУР-2",ЛОЖЬ
"H","~","СМОБ",ЛОЖЬ
"ж","(","Зимовниковский конный завод",ЛОЖЬ
"ж",")","Футбольный клуб ветеранов ""Кубань""",ЛОЖЬ
"й","(",,ЛОЖЬ
"к","(","спец.склад резерва МВД",ЛОЖЬ
"N","t","Опель-Монтерей",ЛОЖЬ
"H","А","КРУ",ЛОЖЬ
"H","Б","Интерпол",ЛОЖЬ
"G","G","баклажановый",ЛОЖЬ
"H","л","2-е спецотделение",ИСТИНА
"Q","4","ГАЗ-322100",ЛОЖЬ
"J","(","Уральская военная база",ЛОЖЬ
"D","@","топливозаправщик",ЛОЖЬ
"H","Д","СК отдел НИИ МВД РФ",ЛОЖЬ
"H","Е","УМБПСОВБ",ЛОЖЬ
"H","Ж","СРЛС",ЛОЖЬ
"Y","+","БТР-80м",ЛОЖЬ
"H","Й","ООП",ЛОЖЬ
"Q","5","САРЗ-3280",ЛОЖЬ
"C","R","АО ""СЕМАР""",ЛОЖЬ
"A","8","Грузопассажирский",ЛОЖЬ
"O","+","УАЗ-31519",ЛОЖЬ
"7","*","Т-25А",ЛОЖЬ
"D","A","тратуароуборочный",ЛОЖЬ
"C","S","Владимирский тр-ный з-д",ЛОЖЬ
"ж","*","ЗАО ""Лагода-Интранс",ЛОЖЬ
"N","u","Ниссан-Патфиндер",ЛОЖЬ
"H","К","УВПГиВП",ЛОЖЬ
"N","v","Кондор",ЛОЖЬ
"P","6","ГАЗ-33023",ЛОЖЬ
"ж","+","ООО ""Форсаг""",ЛОЖЬ
"P","7","ГАЗ-2705",ЛОЖЬ
"T",")","МАСТЕР-540",ЛОЖЬ
"ж",",","Адмиралтейские верфи",ЛОЖЬ
"C","T","Адмиралтейские верфи",ЛОЖЬ
"C","U","Фольскваген ФРГ",ЛОЖЬ
"P","8","Ханомаг-Хеншел",ЛОЖЬ
"E","c","ЛКДУ",ЛОЖЬ
"Q","6","ГАЗ-322140",ЛОЖЬ
"A","k","Прицеп",ИСТИНА
"R",")","ПГД-500А",ЛОЖЬ
"R","*","2ПН2",ЛОЖЬ
"C","V","АО ""Роствертол""",ЛОЖЬ
"N","x","М-214122",ЛОЖЬ
"ж","-","Ленинград.НИИ радиац.гигиены",ЛОЖЬ
"ж",".","Луцкий",ЛОЖЬ
"N","y","ЛуаЗ-699",ЛОЖЬ
"a","(",,ЛОЖЬ
"R","+","МПМ-8120А",ЛОЖЬ
"P","9","ГАЗ-6614",ЛОЖЬ
"N","z","Тойота Ленд Краузер",ЛОЖЬ
"Q","7","УАЗ-39099",ЛОЖЬ
"S",",","ИМЗ-8103",ЛОЖЬ
"S","-","КМЗ-8155",ЛОЖЬ
"G","H","металлик",ЛОЖЬ
"G","I","коричневый",ЛОЖЬ
"H","Н","Сельский отд.милиции",ЛОЖЬ
"Q","8","ГАЗ-322150",ЛОЖЬ
"Q","9","ГАЗ-32213",ЛОЖЬ
"ж","/","ООО ""Издательский дом Юг""",ЛОЖЬ
"O",",","Джип-Гранд-Чероки",ЛОЖЬ
"N","{","Мерседес-Бенц С240",ЛОЖЬ
"ж","0","Белокалитвенский ГС ОСТО",ЛОЖЬ
"C","W","Даймлер-Крайслер"" Германия",ЛОЖЬ
"ж","1","АО ""Таган.металлургич.з-д""",ЛОЖЬ
"ж","2","Московская ВБ",ЛОЖЬ
"ж","3","Ленинский АМВ",ЛОЖЬ
"Q",":","УАЗ-39629",ЛОЖЬ
"P",":","САЗ-350701",ЛОЖЬ
"ж","4","Димитровский ОЭЗ",ЛОЖЬ
"ж","5","РСТОА-2 ""Донавтосервис""",ЛОЖЬ
"ж","6","ООО ""Гедон-Ростов""",ЛОЖЬ
"ж","7","ООО ""Август""",ЛОЖЬ
"C","X","ЗАО ""АО Экспертцентр""",ЛОЖЬ
"E","d","Взырово-техн.лаборат.",ЛОЖЬ
"ж","8","ЗАО ""АО Экспертцентр""",ЛОЖЬ
"C","Y","""АО Экспертцентр""",ЛОЖЬ
"P",";","2962OW",ЛОЖЬ
"N","|","ВАЗ-21150",ЛОЖЬ
"N","}","ВАЗ-21102",ЛОЖЬ
"N","~","Форд Сиерра",ЛОЖЬ
"C","Z","ФОРД ФРГ",ЛОЖЬ
"ж","9","1-й Донской ОБДПС",ЛОЖЬ
"R",",","ОДАЗ-93571",ЛОЖЬ
"ж","9","СМУ ОКС ГУВД РО",ЛОЖЬ
"I","/","Комитет госимущества Рост.обл.",ЛОЖЬ
"E","f","Мобильн.пункт милиции",ЛОЖЬ
"N","","Фольскваген-Гольф",ЛОЖЬ
"ж",":","АО ЮНИАВТО",ЛОЖЬ
"ж",";","ООО ""Росттранс и К""",ЛОЖЬ
"ж","<","ООО ""Юг-Лада""",ЛОЖЬ
"ж","=","сборка из узлов и агрегатов",ЛОЖЬ
"P","<","КАМАЗ-53202",ЛОЖЬ
"ж",">","Зерноградский ОВД",ЛОЖЬ
"T","*","КАЗАНКА 5м-2",ЛОЖЬ
"T","+","ПРОГРЕСС-4",ЛОЖЬ
"ж","?","Цимлянский рыбокомбинат",ЛОЖЬ
"O","-","УАЗ-22069",ЛОЖЬ
"ж","@","ООО""КОЛИЗЕЙ""",ЛОЖЬ
"ж","A","ПБОЮЛ Марченко В.П.",ЛОЖЬ
"ж","B","ООО ""Легион""",ЛОЖЬ
"Q","<","ГАЗ-322132",ЛОЖЬ
"ж","C","Автосалон ""Экспресс""",ЛОЖЬ
"O",".","Ниссан-Патфиндер",ЛОЖЬ
"ж","D","2-й Донской ОБДПС",ЛОЖЬ
"G","J","фиолетовый",ЛОЖЬ
"N","А","ВАЗ-21103",ЛОЖЬ
"ж","E","Автосалон ""МОДУС""",ЛОЖЬ
"N","","ВАЗ-21103",ЛОЖЬ
"N","А","Крайслер-Интрепид",ЛОЖЬ
"ж",":","ИП ЕГОРОВ",ЛОЖЬ
"ж",";","Салон ""МОДУС""",ЛОЖЬ
"ж","<","Батайская СТО ВАЗ",ЛОЖЬ
"ж","F","ИП ЕГОРОВ",ЛОЖЬ
"ж","G","ОВД г.Каменска",ЛОЖЬ
"ж","H","ООО ""АвтоМИР""",ЛОЖЬ
"I","1","возмещение мат.ущерба ДТП",ЛОЖЬ
"ж","I","Дубовский райпотребсоюз",ЛОЖЬ
"Q",";","КУБАНЬ",ЛОЖЬ
"ж","J","НПФ ""МЕТА""",ЛОЖЬ
"E","g","ППВК",ЛОЖЬ
"P","=","КАМАЗ-53215",ЛОЖЬ
"*","+","Аренда",ЛОЖЬ
"ж","K","ООО ""ЛАДА-ТРАСТ-3""",ЛОЖЬ
"ж","L","ООО ""ТЕМП АВТО-ДОН""",ЛОЖЬ
"E","h","А\м инж.подразд.",ЛОЖЬ
"Q","=","ГАЗ-2752",ЛОЖЬ
"E","i","ЛДИ (лаборат.дорожной инспекции)",ЛОЖЬ
"ж","M","ООО ""АвтодомСервис""",ЛОЖЬ
"E","j","АА ГАИ",ЛОЖЬ
"ж","N","ООО ""Автобан-Дон""",ЛОЖЬ
"ж","O","ЧП ""Зинченко""",ЛОЖЬ
"ж","P","ООО ""Каменск-Лада""",ЛОЖЬ
"N","В","ДЕУ-ЛЕГАНЗА",ЛОЖЬ
"ж","Q","ООО ""ОРБИТА-ПЛЮС""",ЛОЖЬ
"P",">","МАЗ-54323",ЛОЖЬ
"R","-","МАЗ-9397",ЛОЖЬ
"H","С","Отд.по работе с л\ч",ЛОЖЬ
"ж","R","ООО ""Росавтоэкспорт""",ЛОЖЬ
"O","/","УАЗ-315146",ЛОЖЬ
"Q","?","Фольскваген-Каравелла",ЛОЖЬ
"E","k","РВЧ",ЛОЖЬ
"H","Т","Начальник полиции",ЛОЖЬ
"ж","S","возмещение мат.ущерба",ЛОЖЬ
"ж","T","ООО ""Фирма Легион""",ЛОЖЬ
"ж","U","ПБОЮЛ Концевой А.М.",ЛОЖЬ
"]","*","КАМАЗ-53213",ЛОЖЬ
"H","Х","ИАЗ",ЛОЖЬ
"ж","V","УСТМ МВД РФ",ЛОЖЬ
"ж","W","договор мены",ЛОЖЬ
"P","?","ГАЗ-4301",ЛОЖЬ
"P","@","ЗИЛ-433360",ЛОЖЬ
"G","K","сине-зеленый",ЛОЖЬ
"G","L","темно-бордовый",ЛОЖЬ
"ж","X","ООО ""Автоцентр ГАЗ на Дону""",ЛОЖЬ
"ж","Y","ООО ""БелавтоМАЗ""",ЛОЖЬ
"N","Д","Мерседес-Бенц С320",ЛОЖЬ
"Q","@","ФИАТ",ЛОЖЬ
"H","Ш","Руководство КМ,МОБ",ЛОЖЬ
"R",".","8280",ЛОЖЬ
"N","Е","Донинвест Кондор",ЛОЖЬ
"\",")","Н13Х АЛКА",ЛОЖЬ
"ж","Z","ООО ""А-Авто""",ЛОЖЬ
"N","Ж","ОПЕЛЬ-ОМЕГА",ЛОЖЬ
"Q","A","УРАЛ-42116",ЛОЖЬ
"P","A","Урал-4320-0111-10",ЛОЖЬ
"ж","[","по решению суда",ЛОЖЬ
"O","0","УАЗ-315142",ЛОЖЬ
"Y",",","БТР-60",ЛОЖЬ
"E","l","Рефрижератор",ЛОЖЬ
"P","B","ЗИЛ-433362",ЛОЖЬ
"ж","\","Южная военная база",ЛОЖЬ
"H","Ч","Сводный отряд п.Знаменское",ЛОЖЬ
"ж","]","МУП МТК Ростовпассажиртранс",ЛОЖЬ
"C","[","Клинцевский",ЛОЖЬ
"P","C","УРАЛ-5557-1658-10",ЛОЖЬ
"D",":","автокран КС-35719-3",ЛОЖЬ
"Q","B","УАЗ-220602",ЛОЖЬ
"N","З","ФОРД-ФОКУС",ЛОЖЬ
"ж","^","ЗАО ""ЮНИОН""",ЛОЖЬ
"Q","C","КАВЗ-397620",ЛОЖЬ
"Q","D","УАЗ-22069-04",ЛОЖЬ
"N","И","ИЖ-2126",ЛОЖЬ
"N","Й","ВАЗ-21214",ЛОЖЬ
"N","К","ВАЗ-21310Нива",ЛОЖЬ
"A",":","Экскаватор",ЛОЖЬ
"D","B","одноостный",ЛОЖЬ
"D","C","легковой",ЛОЖЬ
"O","1","УАЗ-315122",ЛОЖЬ
"C","\","ООО ""Интелак"" г.Москва",ЛОЖЬ
"5","+","ДВ-1788.33М ""Балканкар""",ЛОЖЬ
"H","Ъ","Инспекция пожарной безопасности",ЛОЖЬ
"R","/","ОДАЗ-9370",ЛОЖЬ
"F","-","грузоподъемность 19100кг",ЛОЖЬ
"T",",","АМУР-3",ЛОЖЬ
"J",",","ООО ""Равновесие-сервис""",ЛОЖЬ
"ж","_","ООО ""Астра-Авто""",ЛОЖЬ
"ж","b","ОВО при УВД г.Новочеркасска",ЛОЖЬ
"P","D","ЭО-2621",ЛОЖЬ
"ж","c","ООО ""ЗАЩИТА""",ЛОЖЬ
"J","л","ООО ""ЗАЩИТА""",ЛОЖЬ
"C","]","АСНП-ШКОДА (Чехия)",ЛОЖЬ
"I","2","Программа МОБ",ЛОЖЬ
"N","М","ВАЗ-21113",ЛОЖЬ
"N","Н","Мерседес-Бенц С200TD",ЛОЖЬ
"I","3","Закупка ФЭУ",ЛОЖЬ
"ж","d","ООО ""РосавтоУАЗ""",ЛОЖЬ
"N","О","ВАЗ-21120",ЛОЖЬ
"N","П","Хендэ Акцент",ЛОЖЬ
"P","E","ГАЗ-2752",ЛОЖЬ
"P","F","ГАЗ-27472",ЛОЖЬ
"O","2","УАЗ-315192",ЛОЖЬ
"H",",","УНП",ЛОЖЬ
"J","м","ЗАО ""Ю.С.Импекс-Авто""",ЛОЖЬ
"C","^","""Форд Мотор компани""",ЛОЖЬ
"*",",","спонсорская помощь",ЛОЖЬ
"I","4","Спонсорская помощь",ЛОЖЬ
"ж","`","ООО ""ДИСА""",ЛОЖЬ
"E","L","""Радар""",ЛОЖЬ
"ж","a","ООО ""Лада-Форвард-Ростов""",ЛОЖЬ
"J","н","ПБОЮЛ Косяков",ЛОЖЬ
"J","о","Зерноградский ОВД",ЛОЖЬ
"ж","e","ЗАО ""Росто-Лада 2""",ЛОЖЬ
"ж","f","ООО ""Дорстрой""",ЛОЖЬ
"N","Р","Опель-Астра",ЛОЖЬ
"P","G","ЗИЛ-433112 АЦ-3,2",ЛОЖЬ
"P","H","МАЗ-5337",ЛОЖЬ
"ж","g","ЮФО МВД РФ по СКО",ЛОЖЬ
"ж","h","ОАО ""Донской табак""",ЛОЖЬ
"N","С","Донинвест Орион",ЛОЖЬ
"ж","i","ООО ""Спецмаш""",ЛОЖЬ
"H","2","Зам.начальника ОВД",ЛОЖЬ
"H","9","Начальник ГАИ",ЛОЖЬ
"E","e","АПК",ЛОЖЬ
"ж","j","ЗАО ""РОССИ""",ЛОЖЬ
"N","Т","АУДИ А-6",ЛОЖЬ
"H",">","Спецприемник",ЛОЖЬ
"*","-","внебюджет",ЛОЖЬ
"I","5","Внебюджет",ЛОЖЬ
"O","3","УАЗ-390902",ЛОЖЬ
"O","4","УАЗ-31519 ЧЗ",ЛОЖЬ
"D","D","джип",ЛОЖЬ
"D","E","бронированный",ЛОЖЬ
"E","m","Бронированный",ЛОЖЬ
"ж","k","""Формула-К""",ЛОЖЬ
"C","_","ФГУП ""ПО УВЗ""",ЛОЖЬ
"5",",","ПУМ-500",ЛОЖЬ
"D","F","универсальный",ЛОЖЬ
"G","M","оранжевый",ЛОЖЬ
"@",".","грузоподъемность 11тн",ЛОЖЬ
"@","/","грузоподъемность 10тн",ЛОЖЬ
"C","`","Тойота Мотор Корпорейшн (Япония)",ЛОЖЬ
"N","У","Тойота Камри",ЛОЖЬ
"G","N","серебристый",ЛОЖЬ
"J","п","ООО ""Трейд Моторс""",ЛОЖЬ
"*",".","договор пожерствования",ЛОЖЬ
"ж","l","Фонд ""ЧАДЭ""",ЛОЖЬ
"G","O","св.серебристый металлик",ЛОЖЬ
"I","6","Довогор пожерствования ""ЧАДЭ""",ЛОЖЬ
"N","Ф","ВАЗ-2123Шевроле",ЛОЖЬ
"E","n","пожарный",ЛОЖЬ
"P","I","296220",ЛОЖЬ
"E","o","АРАКС",ЛОЖЬ
"ж","m","ЗАО ""НТЦ Экспертцентр""",ЛОЖЬ
"N","Х","ВАЗ-21140",ЛОЖЬ
"H","C","Начальник ОВД",ЛОЖЬ
"ж","n","УРП ОАО АвтоВАЗ г.Краснодар",ЛОЖЬ
"G","Q","серебристо-желтый",ЛОЖЬ
"O","5","УАЗ-3153",ЛОЖЬ
"H","M","ОБОиКПиО",ЛОЖЬ
"Q","E","ГАЗ-27057",ЛОЖЬ
"N","Ц","ВАЗ-21101",ЛОЖЬ
"ж","o","ООО ""Интертранс Плюс""",ЛОЖЬ
"H","P","Техотдел УГИБДД",ЛОЖЬ
"H","`","Дорнадзор",ЛОЖЬ
"H","c","Отдел ДПС",ЛОЖЬ
"H","e","КПО УГИБДД",ЛОЖЬ
"H","g","Руководство УГИБДД",ЛОЖЬ
"G","R","графитовый металлик",ЛОЖЬ
"ж","p","ООО ""Зенит-Авто""",ЛОЖЬ
"N","Ч","ВАЗ-21110",ЛОЖЬ
"N","Ш","ГАЗ-310221",ЛОЖЬ
"N","w","Фольскваген Пассат 1,8Т",ЛОЖЬ
"@","0","грузоподъемность 8тн",ЛОЖЬ
"@","1","грузоподъемность 400кг",ЛОЖЬ
"N","Щ","ВАЗ-21130",ЛОЖЬ
"N","Ъ","Опель Zafira",ЛОЖЬ
"I","7","МОБ для КМ",ЛОЖЬ
"N","Ы","ГАЗ-31105",ЛОЖЬ
"ж","q","ЗАИ Росмаслопром",ЛОЖЬ
"ж","r","ЗАО ""Автоцентр""",ЛОЖЬ
"ж","s","ООО ""ТрансМаш""",ЛОЖЬ
"H","R","ОРСУУМиК",ЛОЖЬ
"N","Ь","Фольскваген Пассат 2,8",ЛОЖЬ
"N","Э","Мерседес Бенц Е350",ЛОЖЬ
"ж","t","ГУ ""Центр ОРиСМ БДД"" МВД",ЛОЖЬ
"N","Ю","Фольскваген Пассат 2,4",ЛОЖЬ
"P","J","ГАЗ-3308",ЛОЖЬ
"N","Я","Вольво S60 2,5",ЛОЖЬ
"ж","u","ООО ""Дон-Моторс""",ЛОЖЬ
"T","-","МАСТЕР-450",ЛОЖЬ
"N","б","АУДИ А-4",ЛОЖЬ
"H","j","На списании",ЛОЖЬ
"ж","v","ООО ""Алескандр""",ЛОЖЬ
"ж","w","Управл.по делам миграции",ЛОЖЬ
"ж","x","ООО ""Защита Моторс""",ЛОЖЬ
"H","}","ОБМГ",ЛОЖЬ
"H","Ф","ООХВИ",ЛОЖЬ
"ж","y","ООО ""Лидер""",ЛОЖЬ
"N","в","ФОРД МОНДЕО",ЛОЖЬ
"H","Ы","Отстой",ЛОЖЬ
"E","@","ПРУ",ЛОЖЬ
"N","г","ВАЗ-11183",ЛОЖЬ
"H","Э","ОМОН",ЛОЖЬ
"H","Ю","Аппарат",ЛОЖЬ
"H","Я","Начальник МОБ",ЛОЖЬ
"N","д","Мерседес Бенц Спринтер 316",ЛОЖЬ
"E","p","ПУС",ЛОЖЬ
"O","6","Поток-2827",ЛОЖЬ
"N","е","ВАЗ-21112",ЛОЖЬ
"ж","z","ООО ""Трейд Моторс""",ЛОЖЬ
"N","ж","ВАЗ-21104",ЛОЖЬ
"ж","{","ООО ""АвтоГород""",ЛОЖЬ
"O","7","УАЗ-315195",ЛОЖЬ
"N","з","Шкода Супер 2,8",ЛОЖЬ
"Q","F","ПАЗ-32053",ЛОЖЬ
"Q","G","ГАЗ-221717",ЛОЖЬ
"ж","|","ООО ""Автоцентр-Центральный""",ЛОЖЬ
"N","и","Мерседес Бенц С280",ЛОЖЬ
"T",".","Арго",ЛОЖЬ
"J","+","Договор безвозмездного пользования",ЛОЖЬ
"*","/","договор безвозмездного пользования",ЛОЖЬ
"D","G","для транспортировки катера",ЛОЖЬ
"R","0","ЛАВ-81016",ЛОЖЬ
"C","a","ООО ""ВЕКТОР""",ЛОЖЬ
"ж","}","ИП Кузнецов",ЛОЖЬ
"G","S","серо-сине-зеленый",ЛОЖЬ
"G","P","темно-красный",ЛОЖЬ
"J","░","ГУ МВД России по ЮФО",ЛОЖЬ
"C","b","Ситроен, Франция",ЛОЖЬ
"N","й","Ситроен С5",ЛОЖЬ
"C","c","ООО ""МИКРО-Ф""",ЛОЖЬ
"5","-","41030 диз.",ЛОЖЬ
"J","▒","ЦОВБ МВД РФ",ЛОЖЬ
"N","к","ВАЗ-21121",ЛОЖЬ
"ж","~","ООО ""ЮгавтоСнаб""",ЛОЖЬ
"J","Ц","Коротин С.А.",ЛОЖЬ
"H","а","БД",ЛОЖЬ
"S",".","ОМАКС",ЛОЖЬ
"ж","","Ростовское отд.ВОА",ЛОЖЬ
"C","d","Китай",ЛОЖЬ
"H","б","ЦОРИ",ЛОЖЬ
"S","/","ИМЗ-8.1239",ЛОЖЬ
"P","K","ГАЗ-233036""Тигр""",ЛОЖЬ
"ж","А","ООО ""ТАГАЗ""",ЛОЖЬ
"P","L","УАЗ-374102",ЛОЖЬ
"ж","Б","ООО ""Лада-Форвард-Ростов""",ЛОЖЬ
"O","8","УАЗ-390994",ЛОЖЬ
"J","▓","Южная военная база",ЛОЖЬ
"N","л","Lexus RX350",ЛОЖЬ
"H","в","КМ 2",ЛОЖЬ
"H","г","КМ",ЛОЖЬ
"H","е","АТХ",ЛОЖЬ
"H","ж","Отдел ""Р""",ЛОЖЬ
"P","M","ЗИЛ-ММЗ-4505",ЛОЖЬ
"N","м","БМВ-523i",ЛОЖЬ
"N","н","БМВ-525i",ЛОЖЬ
"P","N","КАМАЗ-43114",ЛОЖЬ
"A","1","Вертолет",ЛОЖЬ
"B",":","Авиатехника",ИСТИНА
":","(","Ми-8Т",ЛОЖЬ
"C","e","Улан-Удинский",ЛОЖЬ
"ж","В","Центр авиации",ЛОЖЬ
"D","H","микроавтобус",ЛОЖЬ
"D","I","автобус пассажирский",ЛОЖЬ
"ж","Г","АТП Администрации РО",ЛОЖЬ
"N","п","Хендэ Соната",ЛОЖЬ
"P","O","384731 (Соболь-2217)",ЛОЖЬ
"P","P","РИДА-222211",ЛОЖЬ
"N","2","Ниссан Тиана",ЛОЖЬ
"H","H","Юристы",ЛОЖЬ
"R","1","89842 ЭД60",ЛОЖЬ
"D","J","электростанция",ЛОЖЬ
"G","T","камуфлированный",ЛОЖЬ
"O","9","УАЗ-315195 ЧЗ",ЛОЖЬ
"H","з","Вещевой отдел",ЛОЖЬ
"N","_","Киа Спектра",ЛОЖЬ
"P","Q","МАЗ-543203",ЛОЖЬ
"\","*","Sommer SG240 T-ATX",ЛОЖЬ
"P","R","Урал-43203-1151-41",ЛОЖЬ
"ж","Д","ООО ""Новые Технологии Безопасности""",ЛОЖЬ
"N","Б","Тойота Королла 1,5",ЛОЖЬ
"ж","Е","НОУ СТК ""Патриот""",ЛОЖЬ
"T","/","Сильвер",ЛОЖЬ
"R","2","ЛАВ-81017",ЛОЖЬ
"P","S","УАЗ-330394",ЛОЖЬ
"N","а","Хундай Санта ФЕ",ЛОЖЬ
"B","_","Легковые автомобили 2",ИСТИНА
"_",")","Хенде Санта ФЕ",ЛОЖЬ
"_","(","Мицубиси Паджеро Спорт",ЛОЖЬ
"_","*","ВАЗ-21154",
"P","T","ГАЗ-29625К",ЛОЖЬ
"_","+","ВАЗ-21144",ЛОЖЬ
"_",",","Рено Логан",ЛОЖЬ
"C","f","ОАО ""Автофрамос"" Россия",ЛОЖЬ
"ж","Ж","ЗАО НПФ ""МЕТА""",ЛОЖЬ
"E","q","ППТК",ЛОЖЬ
"P","U","МЕТА-297700",ЛОЖЬ
"S","0","BMW F800S",ЛОЖЬ
"ж","З","ООО ""Армада""",ЛОЖЬ
"H","и","Авиаотряд",ЛОЖЬ
"ж","И","Центральная автобаза",ЛОЖЬ
"Q","H","Форд Транзит",ЛОЖЬ
"G","U","серебристый зелено-голубой",ЛОЖЬ
"ж","Й","Межрайон.фонд содействия ""Витязь""",ЛОЖЬ
"G","V","бело-красный",ЛОЖЬ
"E","r","Цистерна",ЛОЖЬ
"C","g","МАЗ",ЛОЖЬ
"_","-","Фольскваген Фаэтон 3,0",ЛОЖЬ
"ж","К","ГЦАХиТО МВД РФ",ЛОЖЬ
"_",".","Форд Универсал",ЛОЖЬ
"ж","Л","ООО ""Юнион""",ЛОЖЬ
"P","V","ЛУВР-9,0-60",ЛОЖЬ
"ж","М","ОАО ""Варгашинский завод ППСО""",ЛОЖЬ
"E","s","Поисково-спасательная",ЛОЖЬ
"E","t","Лавина",ЛОЖЬ
"Q","I","РИДА-297611",ЛОЖЬ
"ж","Н","ООО ""Росэкспертиза""",ЛОЖЬ
"_","/","ВАЗ-21124",ЛОЖЬ
"ж","О","ООО ""Фирма""Аква-Дон""",ЛОЖЬ
"_","0","ВАЗ-21703 Приора",ЛОЖЬ
"P","W","Поток-28271",ЛОЖЬ
"J","┤","Прочие склады 2",ИСТИНА
"┤","(","ООО ""Автоцентр Центральный""",ЛОЖЬ
"┤",")","ООО ""Ростсельмаш""",ЛОЖЬ
"_","1","БМВ-730i",ЛОЖЬ
"┤","*","ООО ""Армада""",ЛОЖЬ
"ж","П","КО""Петр Столыпин""Зимовниковский юрт",ЛОЖЬ
"┤","+","ОАО ""СНПЦ""РОСДОРТЕХ""",ЛОЖЬ
"Q","J","384731",ЛОЖЬ
"л","(",,ЛОЖЬ
"┤",",","ООО ""Стройсервис""",ЛОЖЬ
"_","2","Фольскваген Пассат 2,0",ЛОЖЬ
"┤","-","ООО ""Л-Авто""",ЛОЖЬ
"P","X","УРАЛ-5557 АТЗ-7,5",ЛОЖЬ
"Q","K","Голден Драгон",ЛОЖЬ
"┤",".","ООО КСП ""Ренат-Транс""",ЛОЖЬ
"Q","L","ЛАЗ-695Т",ЛОЖЬ
"Q","M","ЛАЗ-695Д",ЛОЖЬ
"Q","N","Урал-43203",ЛОЖЬ
"R","3","8326ПТ",ЛОЖЬ
"A","7","Прицеп тракторный",ЛОЖЬ
"H","Л","ЭТЦ",ЛОЖЬ
"H","░","Служба 2",ИСТИНА
"░","(","ЭТЦ",ЛОЖЬ
"_","3","БМВ-750ILA",ЛОЖЬ
"Q","O","ГАЗ-22171",ЛОЖЬ
"P","Y","КАМАЗ 65115-62",ЛОЖЬ
"J","│","ООО ""Стандарт-Юг""",ЛОЖЬ
"P","Z","ГАЗ-33104""Валдай""",ЛОЖЬ
"C","h","ЗАО"" Произ.предп.""Техника""",ЛОЖЬ
"Q",">","РАТНИК-29453-01",ЛОЖЬ
"J","╡","ОАО"" Учхоз ""Зерновое""",ЛОЖЬ
"T","0","Касатка-460",ЛОЖЬ
"P","[","УРАЛ-4320-0111-41",ЛОЖЬ
"┤","/","ООО ""ОКБ""Техника""",ЛОЖЬ
"P","~","5646МО(АТЗ-10-4320В)",ЛОЖЬ
"┤","0","ООО ""Завод Строммашина""",ЛОЖЬ
"Q","P","ГАЗ-2217",ЛОЖЬ
"┤","1","ЗАО ""Автомир-Тендер""",ЛОЖЬ
"R","4","89841 ЭД8",ЛОЖЬ
"_","4","Ниссан Алмера",ЛОЖЬ
"┤","2","ОАО ""Комбинат автомобильных фургоно",ЛОЖЬ
"┤","3","ООО ""Мир""",ЛОЖЬ
"_","5","Вольво S80",ЛОЖЬ
"F","/","11970кг",ЛОЖЬ
"F","0","5200кг",ЛОЖЬ
"F","1","6725кг",ЛОЖЬ
"F","2","5800кг",ЛОЖЬ
"F","3","6325кг",ЛОЖЬ
"F","4","750кг",ЛОЖЬ
"F","5","1600кг",ЛОЖЬ
"F","6","1410кг",ЛОЖЬ
"F","7","6450кг",ЛОЖЬ
"F","8","14650кг",ЛОЖЬ
"F","9","8220кг",ЛОЖЬ
"F",":","13150кг",ЛОЖЬ
"F",";","11225кг",ЛОЖЬ
"F","<","960кг",ЛОЖЬ
"F","=","26425кг",ЛОЖЬ
"F",">","10400кг",ЛОЖЬ
"F","?","1000кг",ЛОЖЬ
"Q","Q","Фиат Дукато",ЛОЖЬ
"_","6","Хендэ Элантра",ЛОЖЬ
"_","7","Ниссан Тиана",ЛОЖЬ
"B","(","ЗИЛ-5301",ЛОЖЬ
"H","н","инфор.обеспеч.",ЛОЖЬ
"░",")","Инфор.обесп.",ЛОЖЬ
"░","*","Отдел пропаганды",ЛОЖЬ
"░","+","Зам.начальника ГАИ",ЛОЖЬ
"░","b","Адм.практика",ИСТИНА
"D","K","изотермический",ЛОЖЬ
"░","-","Госзащита",ЛОЖЬ
"░",".","ЦПЭ",ЛОЖЬ
"░","/","ОРЧ-2 УУР",ЛОЖЬ
"░","0","ОРЧ-2 БЭП",ЛОЖЬ
"┤","4","ООО ""Геркон""",ЛОЖЬ
"┤","5","ООО ""Автомобильный Торговый Дом""",ЛОЖЬ
"Q","R","Хундай HD County",ЛОЖЬ
"┤","d","АТХ г.Красноярска",ИСТИНА
"░","1","ОРЧ-1 УУР",ЛОЖЬ
"_","8","БМВ-528I",ЛОЖЬ
"H","i","Начальник СЭБ",ЛОЖЬ
"G","W","золотисто-серый",ЛОЖЬ
"`","(","графитовый металлик",ЛОЖЬ
"G","5","серебристо красный",ЛОЖЬ
"░","2","ДТП",ЛОЖЬ
"Q","S","32744D",ЛОЖЬ
"┤","7","ООО ""Автосервис-Центр-П"" Н.Новгород",ЛОЖЬ
"┤","8","ООО ""АвтоРевю 2""",ЛОЖЬ
"b","(",,ЛОЖЬ
"┤","9","ООО ""КАФС""",ЛОЖЬ
"┤",":","ЗАО ""Нью-Йорк Моторс-Москва""",ЛОЖЬ
"_","9","ВАЗ-217230Приора",ЛОЖЬ
"C","i","ООО Глебовский механический з-д",ЛОЖЬ
"R","5","843112 ""Загродитель""",ЛОЖЬ
"R","6","ЭБ4-230-ВО1М2",ЛОЖЬ
"C","j","ОАО ""Электроагрегат""",ЛОЖЬ
"░","3","ОРЧ-1 БЭП",ЛОЖЬ
"H","s","Мастерская по ремонту средств связи",ЛОЖЬ
"P","s","Форд Транзит Коннект 2,4",ЛОЖЬ
"R","7","МЗСА, 817710",ЛОЖЬ
"P","","32742D",ЛОЖЬ
"R","8","ЛАВ-81021",ЛОЖЬ
"\","+","938410",ЛОЖЬ
"c",,"Марки топлива",
"c","(","А-80",ЛОЖЬ
"c",")","А-92",ЛОЖЬ
"c","*","А-95",ЛОЖЬ
"c","+","ДТ",ЛОЖЬ
"C","k","ЗАО ""Форд МОТОР КОМПАНИ"" Россия",ЛОЖЬ
"_",":","Волга Сайбер",ЛОЖЬ
"_",";","Мерседес Бенц Е2804MATIC",ЛОЖЬ
"┤",";","ООО ""Панавто Юг""",ЛОЖЬ
"C","l","Даймлер АГ (Германия)",ЛОЖЬ
"D","L","лаборатория",ЛОЖЬ
"_","<","Вортекс Естина",ЛОЖЬ
"C","m","ООО ""ТагАЗ""",ЛОЖЬ
"┤","<","ОАО АТП ""Супер""",ЛОЖЬ
"Q","T","Волжанин 52851",ЛОЖЬ
"T","1","Фаворит F-500",ЛОЖЬ
"R","9","ЛАВ-81014",ЛОЖЬ
"┤","=","Центр оперативного реагирования и с",ЛОЖЬ
"d","(",,ЛОЖЬ
"┤","6","Центр опер.реагир.и спец.мероприят",ЛОЖЬ
"O",":","2836-0000010",ЛОЖЬ
"R",":","ЭД-30-Т400",ЛОЖЬ
"┤",">","ООО ""ТСС Ростов""",ЛОЖЬ
"O",";","УАЗ-3163-121Патриот",ЛОЖЬ
"F","A","15 мест",ЛОЖЬ
"F","B","20 мест",ЛОЖЬ
"F","C","13мест",ЛОЖЬ
"P","А","КС-35714-2",ЛОЖЬ
"C","n","ОАО ""ПИНСКИЙ ЗАВОД СММ""",ЛОЖЬ
"P","Б","ЭО-2626",ЛОЖЬ
"E","u","Экскаватор",ЛОЖЬ
"R",";","ЭД16-Т400",ЛОЖЬ
"┤","?","Министерство транспорта",ЛОЖЬ
"H","W","Учебный центр",ЛОЖЬ
"H","Y","ДОБ Сосновый бор",ЛОЖЬ
"H","^","СОБР",ЛОЖЬ
"H","_","Хранение",ЛОЖЬ
"_","=","ВАЗ-217130",ЛОЖЬ
"░","5","ОКДТП",ЛОЖЬ
"_",">","Рено SR",ЛОЖЬ
"┤","@","Склад ""НЗ"" г.Шахты",ЛОЖЬ
"C","o","ООО ""Тойота Майфэкчуринг Россия""",ЛОЖЬ
"H","a","Начальник Тыла",ЛОЖЬ
"H","m","Начальник ОМ",ЛОЖЬ
"_","?","Фиат Албеа",ЛОЖЬ
"C","p","ОАО ""СОЛЛЕРС-Набережные Челны""",ЛОЖЬ
"P","В","УАЗ-396255",ЛОЖЬ
"P","Г","29625Е",ЛОЖЬ
"Q","U","Фиат Дубло",ЛОЖЬ
"_","@","ВАЗ-111840Калина",ЛОЖЬ
"Q","V","ФЕДЕРАЛ-42591",ЛОЖЬ
"C","q","ОАО ""КАФ"" Россия",ЛОЖЬ
"░",",","Кинологическая служба",ЛОЖЬ
"░","6","""Безопасный город""",ЛОЖЬ
"F","D","17000",ЛОЖЬ
"F","E","3900",ЛОЖЬ
"G","X","серебристо-синий",ЛОЖЬ
"┤","A","ООО ""Трейд Моторс""",ЛОЖЬ
"C","r","Тойота МОТОР Корпорейшн (Япония)",ЛОЖЬ
"F","F","13мест",ЛОЖЬ
"F","G","8мест",ЛОЖЬ
"F","H","7мест",ЛОЖЬ
"H","В","Начальник ГУ МВД",ЛОЖЬ
"D","M","тракторный",ЛОЖЬ
"H","И","Амбулатория",ЛОЖЬ
"E","Q","Вертолет",ЛОЖЬ
"_","A","Шевроле Экспресс",ЛОЖЬ
"░","7","ОРЧ-3 УУР",ЛОЖЬ
"H","М","МОГТОР №1",ЛОЖЬ
"H","П","ОМТС ЦАХиТО (БД)",ЛОЖЬ
"C","s","ОАО ""СОЛЛЕРС-Набережные Челны""",ЛОЖЬ
"┤","B","Сальский кирпичный завод",ЛОЖЬ
"_","B","Шевролет Круз",ЛОЖЬ
"_","C","Шкода Октавиа",ЛОЖЬ
"J","l","ООО ""Формула-РД""",ЛОЖЬ
"_","D","Фольскваген Поло",ЛОЖЬ
"C","t","Фольскваген ГРУП РУС Россия",ЛОЖЬ
"G","Y","сине-черный",ЛОЖЬ
"┤","C","ООО ""Мостдорстрой""",ЛОЖЬ
"C","u","Хендэ Мотор Компани (Корея)",ЛОЖЬ
"┤","D","ООО ""Легион Моторс""",ЛОЖЬ
"C","v","ООО ""Тойота Мотор Мануфэкчуринг РФ""",ЛОЖЬ
"*","0","Повышение безопасности движения",ЛОЖЬ
"┤","E","ЗАО ""Авилон АГ""",ЛОЖЬ
"I","8","Повышение безопасности движения",ЛОЖЬ
"Q","\","Форд Транзит 22271G",ЛОЖЬ
"┤","F","ООО ""СТ НИЖЕГОРОДЕЦ""",ЛОЖЬ
"O","<","УАЗ-315196",ЛОЖЬ
"┤","G","ООО ""ЛИГА""",ЛОЖЬ
"P","Д","ГАЗ-33106Валдай",ЛОЖЬ
"┤","H","ЗАО ""ТКЦ ГАЗавтотехобслуживание""",ЛОЖЬ
"C","w","ОАО ЗТО ""КАМЕЯ"" Россия",ЛОЖЬ
"5",".","МКСМ-800К",ЛОЖЬ
"C","x","ОАО ""КУРГАНМАШЗАВОД""",ЛОЖЬ
"┤","I","ЗАО ""Полад АВто""",ЛОЖЬ
"C","y","ООО ""Чайка-НН2 Россия",ЛОЖЬ
"P","Е","ЧАЙКА-СЕРВИС 278426",ЛОЖЬ
"E","v","Автоэвакуатор",ЛОЖЬ
"D","N","автоэвакуатор",ЛОЖЬ
"P","Ж","ЗИЛ-СААЗ-4545",ЛОЖЬ
"C","z","ЗАО ""СААЗ АМО ЗИЛ"" Россия",ЛОЖЬ
"┤","J","ООО ""КРЦ-АВТО""",ЛОЖЬ
"H","Ь","Штаб",ЛОЖЬ
"H","й","Зам.начальника по спецподразделения",ЛОЖЬ
"F","I","18мест",ЛОЖЬ
"Q","]","Урал-32551",ЛОЖЬ
"Q","^","НЕФАЗ-4208",ЛОЖЬ
"F","J","21место",ЛОЖЬ
"F","K","22места",ЛОЖЬ
"C","{","ООО ""Джи Эм Авто"" Россия",ЛОЖЬ
"┤","K","ООО ""Юг-Кровля""",ЛОЖЬ
"\",",","ЭД-10С-1400",ЛОЖЬ
"H","L","Инспекция",ЛОЖЬ
"H","Г","Отд. по взаим. с орган.испол.власти",ЛОЖЬ
"H","Р","Руководящий состав",ЛОЖЬ
"G","Z","ГОСТ Р50574-2002",ЛОЖЬ
"C","|","ООО НПФ ""ГАЛАНТ-АВТО""",ЛОЖЬ
"J","n","ОАО ""АвтоВАЗ""",ЛОЖЬ
"Q","_","ГАЗ-325652",ЛОЖЬ
"P","З","29626",ЛОЖЬ
"Q","`","ПАЗ-3206",ЛОЖЬ
"J","x","ОАО Кубань Лада",ЛОЖЬ
"░","9","ФКУ НПО ""СТиС""",ЛОЖЬ
"H","У","Совет ветеранов",ЛОЖЬ
"P","И","Фиат Дукато",ЛОЖЬ
"F","L","12 мест",ЛОЖЬ
"H","3","ФКУ",ЛОЖЬ
"f",,"Сезонность шин",
"f","(","лето",
"f",")","зима",ЛОЖЬ
"f","*","всесезонная",ЛОЖЬ
"g",,"Тип шины",
"g","(","стандартная",
"g",")","шипованная",ЛОЖЬ
"g","*","""липучка""",ЛОЖЬ
"h",,"Размер шин",
"h","(","175/70х13",
"░","=","разъездная",ЛОЖЬ
"_","E","KIA RIO",ЛОЖЬ
"░",">","ТЫЛ",ЛОЖЬ
"P","Й","КАМАЗ-43118-15КС-55726-2",ЛОЖЬ
"C","}","ОАО ""Угличмаш""",ЛОЖЬ
"_","F","Фольскваген Мультивен",ЛОЖЬ
"H","@","зам.нач. АТХ",ЛОЖЬ
"T","2","КС-700",ЛОЖЬ
"C","~","Костромской судомеханически з-д",ЛОЖЬ
"R","<","МСА, 822141",ЛОЖЬ
"R","=","МЗСА, 822141",ЛОЖЬ
"E","w","Патрульный",ЛОЖЬ
"_","G","Мицубиси Аутлендер",ЛОЖЬ
"C","","Мицубиси МОТОРС КОРП. (Япония)",ЛОЖЬ
"P","К","КАМАЗ-5350",ЛОЖЬ
"E","x","Реанимобиль",ЛОЖЬ
"i","(",,ЛОЖЬ
"F","M","925кг",ЛОЖЬ
"┤","L","Северо-Западное ОУМТС С-Петербург",ЛОЖЬ
"H","E","Зам. начальника полиции по оператив",ЛОЖЬ
"H","I","Зам. нач. полиции по ООП",ЛОЖЬ
"H","f","Зам .нач. полиции по общим вопроса",ЛОЖЬ
"_","H","Лада-219010Гранта",ЛОЖЬ
"░","?","ОТЭиК",ЛОЖЬ
"░","@","ООХВИ",ЛОЖЬ
"░","A","ОСВиМТИ",ЛОЖЬ
"5","/","ПКФ-338",ЛОЖЬ
"C","А","ООО ""ТРАНСЛАЙН""",ЛОЖЬ
"D","O","одноковшовый фронтальный",ЛОЖЬ
"O","=","Есаул-394511-03",ЛОЖЬ
"┤","M","Центр спец.назначения БДД МВД РФ",ЛОЖЬ
"C","Б","""МАГНА СТЕЙР"" Австрия",ЛОЖЬ
"C","В","""ФОРДЕ ВЕРКЕ ГМБХ"" Германия",ЛОЖЬ
"_","I","Хундай Солярис",ЛОЖЬ
"_","J","Опель P-J Астра",ЛОЖЬ
"_","K","Рено Сандеро",ЛОЖЬ
"_","L","Рено Дастер",ЛОЖЬ
"C","Г","ООО ""ХММР"" (РОССИЯ)",ЛОЖЬ
"_","M","KIO Sorento",ЛОЖЬ
"F","N","17мест",ЛОЖЬ
"░","8","Временная опер. группа",ЛОЖЬ
"F","O","микроавтобус",ЛОЖЬ
":",")","Ми-8АМТ",ЛОЖЬ
"7","+","УДМ-Е на базе Беларус-920",ЛОЖЬ
"C","Д","ООО ""Торговый дом МТЗ-ЕлАЗ""",ЛОЖЬ
"E","y","Универсальная дорожная машина",ЛОЖЬ
"G","[","черно-красный",ЛОЖЬ
"\","-","ППС-248-МКУ-1,3т",ЛОЖЬ
"C","Е","ООО ""Коммунсельхозтехника""",ЛОЖЬ
"C","Ж","ООО ""Эллада Интертрейд""",ЛОЖЬ
"┤","N","21-й отд.",ЛОЖЬ
"j",,"серебристо голубой",
"░",":","Сводный отряд г. Сочи",ЛОЖЬ
"P","Л","КАМАЗ-65117-А4",ЛОЖЬ
"Q","a","38406L",ЛОЖЬ
"C","З","ООО ""ПРОТЕХ"" Россия",ЛОЖЬ
"C","И","ООО ""ТРАНСЛАЙН""",ЛОЖЬ
"5","0","ПВ-3000Д",ЛОЖЬ
"P","М","КО-503В-2",ЛОЖЬ
"C","Й","ОАО ""КОММАШ"" г.Арзамас",ЛОЖЬ
"Q","b","ИМЯ-М-194771",ЛОЖЬ
"C","К","ЗАО КОМПАНИЯ ""ИМЯ-М""(россия)",ЛОЖЬ
"Q","c","29791Х",ЛОЖЬ
"F","P","554кг",ЛОЖЬ
"Q","d","КАВЗ-4235-42",ЛОЖЬ
"Q","e","ГАЗ-322173",ЛОЖЬ
"D","P","особо малый класс до 5м",ЛОЖЬ
"D","Q","малый класс от 5 до 7м",ЛОЖЬ
"D","R","средний класс от 7,5 до 9,5м",ЛОЖЬ
"D","S","большой класс от 9,5 до 12м",ЛОЖЬ
"D","T","особо бальшой класс больше 12м",ЛОЖЬ
"_","N","Лада Гранта 219060",ЛОЖЬ
"H",";","Сводный отряд Крым",ЛОЖЬ
"E","z","Комплекс БПЛА",ЛОЖЬ
"P","Н","22278С",ЛОЖЬ
"C","Л","ООО ""СТ НИЖЕГОРОДЕЦ""",ЛОЖЬ
"A","5","Авиационная техника",ЛОЖЬ
"_","O","БМВ-520 IA",ЛОЖЬ
"_","P","БМВ-530 IA",ЛОЖЬ
"Q","f","ПАЗ-423001",ЛОЖЬ
"_","Q","Лада Ларгус",ЛОЖЬ
"P","О","Хундай Портер",ЛОЖЬ
"P","П","299011",ЛОЖЬ
"D","U","БПЛА",ЛОЖЬ
"_","R","БМВ-730 IAL",ЛОЖЬ
"_","S","Ssang Yong Rexton",ЛОЖЬ
"7",",","КМ 82БГ",ЛОЖЬ
"D","V","коммунальная уборочная",ЛОЖЬ
"E","{","Коммунально-уборочная",ЛОЖЬ
"C","М","ООО ""Беловеж-Техно""",ЛОЖЬ
"O",">","УАЗ-197291",ЛОЖЬ
"P","Р","6619-24 на шасси КАМАЗ-43118",ЛОЖЬ
"O","?","ЛУИДОР 2250А0",ЛОЖЬ
"B",")","Федерал-42590",ЛОЖЬ
"B","*","ФЕДЕРАЛ-42590",ЛОЖЬ
"Q","g","ФЕДЕРАЛ-42590",ЛОЖЬ
"E","|","Скорая помощь",ЛОЖЬ
":","*","Беспилотный летательный аппарат",ЛОЖЬ
"E","}","БПЛА",ЛОЖЬ
"┤","O","ООО ""ЦСТ""",ЛОЖЬ
"_","T","Фольскваген Тигуан",ЛОЖЬ
"Q","h","ГАЗ-32212",ЛОЖЬ
"F","Q","1350кг",ЛОЖЬ
"Q","i","Соллерс В-ВФ",ЛОЖЬ
"_","U","Форд Торнео",ЛОЖЬ
"G","\","серебристо-золотистый",ЛОЖЬ
"C","Н","ООО ""Форд Соллерс Холдинг"" Россия",ЛОЖЬ
"O","@","ЛУИДОР-2250С2",ЛОЖЬ
"Q","j","ЛиАЗ-525661",ЛОЖЬ
"P","С","КАМАЗ-43118-46",ЛОЖЬ
"G","]","защитный",ЛОЖЬ
"P","Т","70822В на базе ГАЗ-2705",ЛОЖЬ
"F","R","7 мест",ЛОЖЬ
"E","~","Рентгеновская установка",ЛОЖЬ
"C","О","Rapiscan Systems limited",ЛОЖЬ
,"(",,
"P","У","Rapiscan 636SV Mercedes Sprinter516",ЛОЖЬ
"_","V","TOYOTA RAV4",ЛОЖЬ
"┤","P","ФГУП ""РНИИРС""",ЛОЖЬ
"_","W","ЛАДА-217050",ЛОЖЬ
"P","Ф","КО-829А1-01",ЛОЖЬ
"E","","машина комбинированная",ЛОЖЬ
"D","W","комбинированная",ЛОЖЬ
"F","S","7070кг",ЛОЖЬ
"Q","k","ПАЗ-320402-05",ЛОЖЬ
"F","T","25 мест",ЛОЖЬ
"O","A","УАЗ-316300",ЛОЖЬ
"Q","l","3227SD",ЛОЖЬ
"H","?","Отдел ремонта оргтехники",ЛОЖЬ
"_","X","Мерседес Бенц G500",ЛОЖЬ
"P","Х","КО-505А",ЛОЖЬ
"A","+","Грузовой",
"P","Ц","70822А на базе ГАЗ-2705",ЛОЖЬ
"_","Y","БМВ-528I XDRIVE",ЛОЖЬ
"_","Z","Шкода Йети",ЛОЖЬ
"C","П","ЗАО ""ТЕХНИКА""",ЛОЖЬ
"_","[","Хундай VF (i40)",ЛОЖЬ
"Q","m","КАВЗ 4238-41",ЛОЖЬ
"F","U","44 места",ЛОЖЬ
"P","Ч","ГАЗ-27527",ЛОЖЬ
"R",">","833801",ЛОЖЬ
"C","Р","ООО АЗК ""ТОР"" Россия",ЛОЖЬ
"R","?","МЗСА 817711",ЛОЖЬ
"R","@","84382С",ЛОЖЬ
"k","(","Прицеп-цистерна ПЦ-1,2",ЛОЖЬ
"Q","n","УАЗ-220695-04",ЛОЖЬ
"Q","o","224351 Citroen Jumper",ЛОЖЬ
"D","X","спецтехника",ЛОЖЬ
"C","С","ООО ""Промтех"" Россия",ЛОЖЬ
"D","Y","водоцистерна",ЛОЖЬ
"Q","p","VOLGABUS-528500",ЛОЖЬ
"H","D","Зам. начальника по КМ",ЛОЖЬ
"H","Q","Руководство полиции",ЛОЖЬ
"H","S","Руководство вн.слу.",ЛОЖЬ
"_","\","KIA XM FL (Sorento)",ЛОЖЬ
"_","]","Форд Eксплорер",ЛОЖЬ
"P","Ш","2784MJ",ЛОЖЬ
"\",".","ПТ 2-2,7-1",ЛОЖЬ
"C","Т","ООО ""СЕВЗАПСПЕЦМАШ-ПРИЦЕПЫ""",ЛОЖЬ
"E","А","Пунт обеспечения жизнедеятельности",ЛОЖЬ
"D","Z","пункт обеспечения жезнедеятельности",ЛОЖЬ
"_","^","ВИС-294611",ЛОЖЬ
"Q","q","ЛиАЗ-5251",ЛОЖЬ
"P","Щ","27322Е",ЛОЖЬ
"C","У","ООО ""РусКомТранс""",ЛОЖЬ
"\","/","АД 16-Т400",ЛОЖЬ
"Q","r","F22703",ЛОЖЬ
"F","V","14 мест",ЛОЖЬ
"P","Ъ","326043 на шасси ГАЗ-3309",ЛОЖЬ
"P","m","326041 на шасси ГАЗ-3302",ЛОЖЬ
"Q","s","КАВЗ-4235-01",ЛОЖЬ
"F","W","54 места",ЛОЖЬ
"Q","t","ГАЗ-А64R42",ЛОЖЬ
"O","B","УАЗ-3163-015",ЛОЖЬ
"P","Ь","УАЗ-396222",ЛОЖЬ
"_","_","Лада-219170",ЛОЖЬ
"J","╢","ФСКН ГУ МВД РФ по РО",ЛОЖЬ
"J","╖","УФМС ГУ МВД РФ по РО",ЛОЖЬ
"_","`","Ssahg Yong Kyron DJ",ЛОЖЬ
"_","a","Киа Маджентис (GD2222)",ЛОЖЬ
"_","b","Ssahg Yong KyronDJ6MLW",ЛОЖЬ
"┤","Q","ФСКН ГУ МВД РФ по РО",ЛОЖЬ
"Q","u","28292",ЛОЖЬ
"Q","v","32560c",ЛОЖЬ
"Q","w","32590c",ЛОЖЬ
"R","A","82980C",ЛОЖЬ
"_","c","Фольскваген Туарег",ЛОЖЬ
"_","d","ТАГАЗ FJR (Road Partner)",ЛОЖЬ
"Q","x","224322 Форд Транзит",ЛОЖЬ
"Q","y","2227SK",ЛОЖЬ
"T","3","Корвет-600",ЛОЖЬ
"T","4","Vista-258",ЛОЖЬ
"R","B","МЗСА 821711",ЛОЖЬ
"P","Э","ГАЗ-САЗ-35071",ЛОЖЬ
"7","-","Беларус-82МК-Е",ЛОЖЬ
"\","0","ОПМ-3.5",ЛОЖЬ
"░",";","КОН",ЛОЖЬ
"░","<","Отдел Миграции",ЛОЖЬ
"S","1",,ЛОЖЬ
"A","9","Мотовездеход",ЛОЖЬ
"B","l","Мотовездеход",ИСТИНА
"l","(","Baltmotors-SMC 700 JUMBO MAX",ЛОЖЬ
"C","Ф","ООО ""Калининградский мотозавод""",ЛОЖЬ
"D","[","для перевозки грузов ти сам. техник",ЛОЖЬ
"E","Б","Мотовездеход",ЛОЖЬ
"E","В","Малотоннажный",ЛОЖЬ
"░","B","ЦВСИГ",ЛОЖЬ
"┤","R","УТ МВД России по СКФО",ЛОЖЬ
"G","^","серо-коричневый",ЛОЖЬ
"*","1","ГОЗ",ЛОЖЬ
"*","2","ЧМ по футболу",ЛОЖЬ
"*","3","Доп. план снабжения",ЛОЖЬ
"I","9","ГОЗ",ЛОЖЬ
"I",":","Чемпионат мира по футболу",ЛОЖЬ
"C","Х","ЗАО ""РЕНО РОССИЯ""",ЛОЖЬ
"H","U","Оружейная мастерская",ЛОЖЬ
"P","Ю","5027А1 на базе КАМАЗ",ЛОЖЬ
"C","Ц","ООО КОМПАНИЯ ""ПИК ПБА""(Россия)",ЛОЖЬ
"F","X","9100",ЛОЖЬ
"F","Y","39 мест",ЛОЖЬ
"F","Z","47 мест",ЛОЖЬ
"F","[","45 мест",ЛОЖЬ
"F","\","23места",ЛОЖЬ
"F","]","31 место",ЛОЖЬ
"I",";","Вне плана ГОЗ",ЛОЖЬ
"Q","z","185101 Форд Транзит",ЛОЖЬ
"E","Г","""Волна""",ЛОЖЬ
"C","Ч","ООО ""ИМЯ-АВТО"" (Россия)",ЛОЖЬ
"R","C","WHALE4",ЛОЖЬ
"┤","S","ФКУ ""ЦХиСО по Московской области""",ЛОЖЬ
"T","5","Альянс-5,8",ЛОЖЬ
"T","6","Алюр-43",ЛОЖЬ
"_","e","Хундай Грета",ЛОЖЬ
"_","f","ЛАДА ВЕСТА",ЛОЖЬ
"Q","{","УАЗ-396295",ЛОЖЬ
"_","g","Мазда СХ-5",ЛОЖЬ
"P","Я","ИЖ-2715",ЛОЖЬ
"H","n","Сыскной отдел",ЛОЖЬ
"H","t","ОВ по охране ДП и КИГ",ЛОЖЬ
"H","w","ОСН ""Гром""",ЛОЖЬ
"E","Д","Автогидроподъемник",ЛОЖЬ
"P","а","Чайка Сервис 27845R",ЛОЖЬ
"O","C","ЛУИДОР-2250А7",ЛОЖЬ
"C","Ш","ООО ""ПКФ ""Луидор"" Россия",ЛОЖЬ
"T","7","МАСТЕР-521",ЛОЖЬ
"P","б","3295 на базе ГАЗ-3309",ЛОЖЬ
"O","D","AG 412230",ЛОЖЬ
"Q","|","2327SD на базе Форд Транзит",ЛОЖЬ
"E","Е","Радиотехническая лаборатория",ЛОЖЬ
"┤","T","ООО ""СТЦ""",ЛОЖЬ
"Q","}","КАВЗ-4238-42",ЛОЖЬ
"░","4","Комендантский отдел",ЛОЖЬ
"H","","Руководство УУПиПДН",ЛОЖЬ
"P","в","ЧАЙКА-СЕРВИС 27845J",ЛОЖЬ
"T","8","МАСТЕР-651",ЛОЖЬ
"┤","U","ОПБ ГУ МВД РФ по Краснодарскому кра",ЛОЖЬ
"P","г","КАМАЗ 65117-62",ЛОЖЬ
"┤","V","Санаторий ""Искра""",ЛОЖЬ
"T","9","Альянс-4,6",ЛОЖЬ
"R","D","82944С",ЛОЖЬ
"C","Щ","ООО ""ТРЕЙЛЕР""",ЛОЖЬ
"░","C","УОТО",ЛОЖЬ
"C","Ъ","ООО ""ПСМА РУС""",ЛОЖЬ
"E","Ж","Снегоболотоход",ЛОЖЬ
"E","З","Прицеп для перевозки снегоболотоход",ЛОЖЬ
"l",")","STELS ATV800G",ЛОЖЬ
"A","3","Снегоболотоход",ЛОЖЬ
"A",";","Прицепная техника",ЛОЖЬ
"C","Ы","ООО ""Жуковский веломотозавод""Брянск",ЛОЖЬ
"H","З","Списание",ЛОЖЬ
"P","д","2824NE на базе ГАЗ-А21R32",ЛОЖЬ
"S","2","BMW F800GT",ЛОЖЬ
"C","Ь","БАЙЕРИШЕ МОТОРЕН ВЕРКЕ АГ ГЕРМАНИЯ",ЛОЖЬ
"A","<","Мототехника",ЛОЖЬ
"D","\","прицеп -цистерна для воды",ЛОЖЬ
"_","h","Шкода Рапид",ЛОЖЬ
"H","Ц","Общественный совет",ЛОЖЬ
"H","д","Отдел закупок",ЛОЖЬ
"P","ж","287660 на базе ГАЗ-А21R23",ЛОЖЬ
"░","D","Юристы",ЛОЖЬ
"P","е","326070 на шасси C41R13-АЗ",ЛОЖЬ
"B","+","Альянс-8,5",ЛОЖЬ
"R","E","МЗСА, 823111",ЛОЖЬ
"P","з","КАМАЗ-65117-А5",ЛОЖЬ
"P","и","5648- на шасси Урал-5557",ЛОЖЬ
"J","╕","ОАО ""Граз""",ЛОЖЬ
"J","╣","ОАО ""ЗАВОД СТРОММАШИНА""",ЛОЖЬ
"C","Э","ОАО ""Граз""",ЛОЖЬ
"C","Ю","ОАО ""ЗАВОД СТРОММАШИНА""",ЛОЖЬ
"┤","W","ФКУ ЦХиСО ГУ МВД РФ по Московской о",ЛОЖЬ
"░","E","Резерв",ЛОЖЬ
"*","4","Целевое назначение",ЛОЖЬ
"_","i","Хундай Туксон",ЛОЖЬ
"┤","X","ФГУП ""РНИИРС""",ЛОЖЬ
"T",":","Wyatboagt 490pro",ЛОЖЬ
"T",";","Мастер Про680 САВ",ЛОЖЬ
"R","F","ЛАВ-81018А",ЛОЖЬ
"R","G","МЗСА-81771G",ЛОЖЬ
"H","к","Утилизация",ЛОЖЬ
"E","И","Прицеп для перевозки грузов",ЛОЖЬ
"E","Й","Прицеп для перевозки катеров",ЛОЖЬ
"E","К","Полуприцеп с поливомоечным оборудо",ЛОЖЬ
"E","Л","Прицеп-цистерна",ЛОЖЬ
"E","М","Прицеп передвижной пункт полиции",ЛОЖЬ
"E","Н","Полуприцеп с навесным оборудованием",ЛОЖЬ
"5","1","АНТ 750",ЛОЖЬ
"C","Я","АО ""КЭМЗ"",РФ",ЛОЖЬ
"D","]","фронтальный",ЛОЖЬ
"░","F","Опергруппа",ЛОЖЬ
"P","й","Урал-4320-5111-73",ЛОЖЬ
"_","j","185002 Шкода Октавиа",ЛОЖЬ
"C","а","ООО ""Центр подготовки и поддержки """,ЛОЖЬ
"Q","К","ГАЗ-A65R33",ЛОЖЬ
"P","к","УАЗ-19641",ЛОЖЬ
"e",,"Реализация",
"H","О","Реализация",ЛОЖЬ
"Q","Л","GST2SN",ЛОЖЬ
"_","k","LADA XRAY",ЛОЖЬ
"P","л","ГАЗ-А31R23",ЛОЖЬ
"Q","М","ПАЗ-320405-04",ЛОЖЬ
"_","l","Лада Ларгус KS045L",ЛОЖЬ
"N","-","RKTKAC на базе Киа Соренто",ЛОЖЬ
"E","О","лаборатория измерительная",ЛОЖЬ
"H","Щ","Сводный отряд",ЛОЖЬ
"T","<","Nord Silver 1440",ЛОЖЬ
"┤","Y","ЦХиСО УМВД РФ по Калининградской об",ЛОЖЬ
"P","н","ГАЗ-А32R23",ЛОЖЬ
"F","^","3 места",ЛОЖЬ
"P","м","ГАЗ-А22R23",ЛОЖЬ
"_","m","Citroen Space Tourer",ЛОЖЬ
"_","n","Peugeot Traveller",ЛОЖЬ
"P","о","ГАЗ-САЗ-2507",ЛОЖЬ
"Q","Н","ГАЗ-А65R52",ЛОЖЬ
"Q","О","ГАЗ-А32R22",ЛОЖЬ
"Q","П","ГАЗ-А22R23",ЛОЖЬ
"Q","Р","ГАЗ-А65R23",ЛОЖЬ
"O","E","УАЗ-23632-155-20",ЛОЖЬ
"D","^","Пикап",ЛОЖЬ
"Q","С","ГАЗель БИЗНЕС",ЛОЖЬ
"Q","Т","ЛУИДОР-225050",ЛОЖЬ
"_","o","LADA 4х4",ЛОЖЬ
"P","п","5986 на базе КАМАЗ",ЛОЖЬ
"D","_","кунг",ЛОЖЬ
"P","░","ГАЗ-А32R22",ЛОЖЬ
"P","▒","ГАЗ-33027",ЛОЖЬ
"Q","У","ЛиАЗ-529000",ЛОЖЬ
"C","б","ООО ""Хендэ Мотор Мануфактуринг Рус""",ЛОЖЬ
"Q","Ф","ИАЦ-1767ВА (А69R23)",ЛОЖЬ
"P","▓","MARS/15",ЛОЖЬ
"O","F","ЭФИР-Н на базе Ниссан Патфиндер",ЛОЖЬ
"E","П","А/м для транспортировки катера",ЛОЖЬ
"_","p","Лада-219070",ЛОЖЬ
"░","G","ОСТМ",ЛОЖЬ
"_","q","RUSFOS",ЛОЖЬ
"O","G","УАЗ-1846",ЛОЖЬ
"P","│","ЛУИДОР-2250ЕХ",ЛОЖЬ
"P","┤","ГАЗЕЛЬ БИЗНЕС",ЛОЖЬ
"P","╡","ГАЗ-С41R13",ЛОЖЬ
"P","╢","ГАЗ-А21R23",ЛОЖЬ
"P","╖","ГАЗ-А62R33",ЛОЖЬ
"P","╕","ГАЗ-27057",ЛОЖЬ
"P","╣","ГАЗ-22177",ЛОЖЬ
"O","H","УАЗ-3163-285-20",ЛОЖЬ
"O","I","УАЗ-3163-015-51",ЛОЖЬ
"O","J","УАЗ-3163-286-60",ЛОЖЬ
"░","H","Чеченская Республика",ЛОЖЬ
"░","I","СОП № 5 Чертково",ЛОЖЬ
"░","J","СОП № 1 Покровское",ЛОЖЬ
"░","K","СОП № 2 Новошахтинск",ЛОЖЬ
"░","L","СОП № 3 Каменск",ЛОЖЬ
"░","M","СОП № 4 Миллерово",ЛОЖЬ
"P","║","574109 КАМАЗ-43118-50",ЛОЖЬ
"Q","Х","РКТ на базе ПАЗ-320405",ЛОЖЬ
"E","Р","АДЗ",ЛОЖЬ
"5","2","LONKING CDM307",ЛОЖЬ
"T","=","NORH SILVER PRO920MST",ЛОЖЬ
"R","H","ЛАВ-81023",ЛОЖЬ
"O","K","Есаул-394511-05",ЛОЖЬ
"P","╗","ПРОМАВТО 5759F1",ЛОЖЬ
"P","╝","УЗСТ-6619-60",ЛОЖЬ
"P","╜","УЗСТ-6619-60",ЛОЖЬ
"B","n","Грузовой 2",ИСТИНА
"n","(","УЗСТ-6619-60",ЛОЖЬ
"E","С","Автомобиль сопровождения",ЛОЖЬ
"Q","Ц","Фольскваген Крафтер 2EKZ",ЛОЖЬ
"┤","Z","ФКУ ""ЦХиСО ГУ МВД по Сератовской об",ЛОЖЬ
"Q","Ч","ГАЗ-27527",ЛОЖЬ
